,éûçè,K [ﬂC],WT [ﬂC],MG [ﬂC],SC [ﬂC],No5 [V],No6 [V],No7 [V],No8 [V],No9 [V],No10 [V],No11 [V],No12 [V]
2021/10/13,16:07:45,18.9,19.94,19.84,19.69,0,0,0,0,0,0,0,0
2021/10/13,16:07:50,19.06,19.99,19.9,19.73,0,0,0,0,0,0,0,0
2021/10/13,16:07:55,2.09,19.92,19.84,19.79,0,0,0,0,0,0,0,0
2021/10/13,16:08:00,-5.28,19.91,19.81,19.73,0,0,0,0,0,0,0,0
2021/10/13,16:08:05,-7.86,19.9,19.77,19.69,0,0,0,0,0,0,0,0
2021/10/13,16:08:10,-9.8,19.81,19.65,19.65,0,0,0,0,0,0,0,0
2021/10/13,16:08:15,-11.1,19.58,19.44,19.61,0,0,0,0,0,0,0,0
2021/10/13,16:08:20,-12.05,19.35,19.17,19.55,0,0,0,0,0,0,0,0
2021/10/13,16:08:25,-12.75,19.1,18.9,19.46,0,0,0,0,0,0,0,0
2021/10/13,16:08:30,-13.46,18.85,18.62,19.35,0,0,0,0,0,0,0,0
2021/10/13,16:08:35,-13.95,18.58,18.32,19.21,0,0,0,0,0,0,0,0
2021/10/13,16:08:40,-14.28,18.32,18.05,19.06,0,0,0,0,0,0,0,0
2021/10/13,16:08:45,-14.09,18.07,17.76,18.88,0,0,0,0,0,0,0,0
2021/10/13,16:08:50,-14.31,17.8,17.48,18.68,0,0,0,0,0,0,0,0
2021/10/13,16:08:55,-14.39,17.55,17.18,18.46,0,0,0,0,0,0,0,0
2021/10/13,16:09:00,-14.66,17.28,16.91,18.25,0,0,0,0,0,0,0,0
2021/10/13,16:09:05,-14.83,16.99,16.61,18,0,0,0,0,0,0,0,0
2021/10/13,16:09:10,-14.91,16.72,16.33,17.74,0,0,0,0,0,0,0,0
2021/10/13,16:09:15,-15,16.44,16.03,17.51,0,0,0,0,0,0,0,0
2021/10/13,16:09:20,-15.21,16.18,15.75,17.26,0,0,0,0,0,0,0,0
2021/10/13,16:09:25,-15.23,15.89,15.47,16.99,0,0,0,0,0,0,0,0
2021/10/13,16:09:30,-15.41,15.64,15.19,16.74,0,0,0,0,0,0,0,0
2021/10/13,16:09:35,-15.46,15.36,14.9,16.5,0,0,0,0,0,0,0,0
2021/10/13,16:09:40,-15.6,15.08,14.63,16.22,0,0,0,0,0,0,0,0
2021/10/13,16:09:45,-15.75,14.81,14.34,15.97,0,0,0,0,0,0,0,0
2021/10/13,16:09:50,-15.89,14.53,14.05,15.71,0,0,0,0,0,0,0,0
2021/10/13,16:09:55,-15.85,14.27,13.78,15.44,0,0,0,0,0,0,0,0
2021/10/13,16:10:00,-16.02,14,13.5,15.18,0,0,0,0,0,0,0,0
2021/10/13,16:10:05,-16.21,13.63,13.11,14.8,0,0,0,0,0,0,0,0
2021/10/13,16:10:10,-16.26,13.36,12.84,14.55,0,0,0,0,0,0,0,0
2021/10/13,16:10:15,-16.35,13.07,12.55,14.28,0,0,0,0,0,0,0,0
2021/10/13,16:10:20,-16.51,12.82,12.27,14.02,0,0,0,0,0,0,0,0
2021/10/13,16:10:25,-16.62,12.55,11.98,13.76,0,0,0,0,0,0,0,0
2021/10/13,16:10:30,-16.68,12.29,11.72,13.5,0,0,0,0,0,0,0,0
2021/10/13,16:10:35,-16.85,12.01,11.42,13.25,0,0,0,0,0,0,0,0
2021/10/13,16:10:40,-17.04,11.74,11.16,12.97,0,0,0,0,0,0,0,0
2021/10/13,16:10:45,-17.16,11.47,10.87,12.7,0,0,0,0,0,0,0,0
2021/10/13,16:10:50,-17.27,11.21,10.61,12.47,0,0,0,0,0,0,0,0
2021/10/13,16:10:55,-17.5,10.95,10.33,12.2,0,0,0,0,0,0,0,0
2021/10/13,16:11:00,-17.62,10.68,10.03,11.93,0,0,0,0,0,0,0,0
2021/10/13,16:11:05,-17.63,10.41,9.67,11.7,0,0,0,0,0,0,0,0
2021/10/13,16:11:10,-17.75,10.15,9.2,11.42,0,0,0,0,0,0,0,0
2021/10/13,16:11:15,-18.04,9.89,8.58,11.17,0,0,0,0,0,0,0,0
2021/10/13,16:11:20,-18.26,9.63,7.8,10.92,0,0,0,0,0,0,0,0
2021/10/13,16:11:25,-18.33,9.37,6.95,10.66,0,0,0,0,0,0,0,0
2021/10/13,16:11:30,-18.18,9.11,6.11,10.41,0,0,0,0,0,0,0,0
2021/10/13,16:11:35,-18.37,8.86,5.37,10.15,0,0,0,0,0,0,0,0
2021/10/13,16:11:40,-18.76,8.61,4.75,9.92,0,0,0,0,0,0,0,0
2021/10/13,16:11:45,-18.79,8.38,4.23,9.66,0,0,0,0,0,0,0,0
2021/10/13,16:11:50,-18.98,8.14,3.83,9.42,0,0,0,0,0,0,0,0
2021/10/13,16:11:55,-19.18,7.92,3.5,9.17,0,0,0,0,0,0,0,0
2021/10/13,16:12:00,-19.2,7.61,3.22,8.94,0,0,0,0,0,0,0,0
2021/10/13,16:12:05,-19.35,7.41,3.02,8.68,0,0,0,0,0,0,0,0
2021/10/13,16:12:10,-19.58,7.2,2.85,8.44,0,0,0,0,0,0,0,0
2021/10/13,16:12:15,-19.78,6.99,2.58,8.1,0,0,0,0,0,0,0,0
2021/10/13,16:12:20,-19.79,6.77,2.32,7.86,0,0,0,0,0,0,0,0
2021/10/13,16:12:25,-20.06,6.55,1.91,7.63,0,0,0,0,0,0,0,0
2021/10/13,16:12:30,-20.06,6.29,1.42,7.38,0,0,0,0,0,0,0,0
2021/10/13,16:12:35,-20.26,6.01,0.98,7.13,0,0,0,0,0,0,0,0
2021/10/13,16:12:40,-20.2,5.71,0.62,6.89,0,0,0,0,0,0,0,0
2021/10/13,16:12:45,-20.4,5.38,0.33,6.67,0,0,0,0,0,0,0,0
2021/10/13,16:12:50,-20.55,5.04,0.06,6.44,0,0,0,0,0,0,0,0
2021/10/13,16:12:55,-20.62,4.69,-0.18,6.19,0,0,0,0,0,0,0,0
2021/10/13,16:13:00,-20.9,4.34,-0.43,5.96,0,0,0,0,0,0,0,0
2021/10/13,16:13:05,-21.09,4.02,-0.66,5.74,0,0,0,0,0,0,0,0
2021/10/13,16:13:10,-21.22,3.73,-0.88,5.51,0,0,0,0,0,0,0,0
2021/10/13,16:13:15,-21.45,3.46,-1.11,5.28,0,0,0,0,0,0,0,0
2021/10/13,16:13:20,-21.51,3.21,-1.35,5.07,0,0,0,0,0,0,0,0
2021/10/13,16:13:25,-21.7,2.99,-1.58,4.84,0,0,0,0,0,0,0,0
2021/10/13,16:13:30,-21.69,2.7,-1.81,4.62,0,0,0,0,0,0,0,0
2021/10/13,16:13:35,-21.86,2.54,-2.16,4.28,0,0,0,0,0,0,0,0
2021/10/13,16:13:40,-22.14,2.43,-2.39,4.07,0,0,0,0,0,0,0,0
2021/10/13,16:13:45,-22.15,2.32,-2.63,3.85,0,0,0,0,0,0,0,0
2021/10/13,16:13:50,-22.41,2.23,-2.87,3.63,0,0,0,0,0,0,0,0
2021/10/13,16:13:55,-22.41,2.16,-3.12,3.41,0,0,0,0,0,0,0,0
2021/10/13,16:14:00,-22.75,2.11,-3.37,3.19,0,0,0,0,0,0,0,0
2021/10/13,16:14:05,-22.81,2.04,-3.6,2.97,0,0,0,0,0,0,0,0
2021/10/13,16:14:10,-22.76,1.97,-3.83,2.76,0,0,0,0,0,0,0,0
2021/10/13,16:14:15,-22.98,1.9,-4.07,2.54,0,0,0,0,0,0,0,0
2021/10/13,16:14:20,-23.06,1.82,-4.3,2.33,0,0,0,0,0,0,0,0
2021/10/13,16:14:25,-23.17,1.76,-4.54,2.12,0,0,0,0,0,0,0,0
2021/10/13,16:14:30,-23.42,1.68,-4.76,1.9,0,0,0,0,0,0,0,0
2021/10/13,16:14:35,-23.41,1.6,-4.99,1.68,0,0,0,0,0,0,0,0
2021/10/13,16:14:40,-23.48,1.54,-5.24,1.46,0,0,0,0,0,0,0,0
2021/10/13,16:14:45,-23.49,1.46,-5.48,1.2,0,0,0,0,0,0,0,0
2021/10/13,16:14:50,-23.46,1.39,-5.72,0.99,0,0,0,0,0,0,0,0
2021/10/13,16:14:55,-23.58,1.33,-5.94,0.89,0,0,0,0,0,0,0,0
2021/10/13,16:15:00,-23.65,1.25,-6.16,0.82,0,0,0,0,0,0,0,0
2021/10/13,16:15:05,-23.65,1.2,-6.4,0.77,0,0,0,0,0,0,0,0
2021/10/13,16:15:10,-23.64,1.14,-6.61,0.71,0,0,0,0,0,0,0,0
2021/10/13,16:15:15,-23.68,1.07,-6.84,0.66,0,0,0,0,0,0,0,0
2021/10/13,16:15:20,-23.8,1.02,-7.06,0.63,0,0,0,0,0,0,0,0
2021/10/13,16:15:25,-24.14,0.86,-7.29,0.57,0,0,0,0,0,0,0,0
2021/10/13,16:15:30,-24.19,0.8,-7.5,0.53,0,0,0,0,0,0,0,0
2021/10/13,16:15:35,-24.27,0.76,-7.71,0.5,0,0,0,0,0,0,0,0
2021/10/13,16:15:40,-24.36,0.72,-7.92,0.46,0,0,0,0,0,0,0,0
2021/10/13,16:15:45,-24.49,0.68,0.52,0.43,0,0,0,0,0,0,0,0
2021/10/13,16:15:50,-24.36,0.62,0.52,0.39,0,0,0,0,0,0,0,0
2021/10/13,16:15:55,-24.38,0.58,0.52,0.35,0,0,0,0,0,0,0,0
2021/10/13,16:16:00,-24.35,0.54,0.52,0.32,0,0,0,0,0,0,0,0
2021/10/13,16:16:05,-24.51,0.51,0.53,0.3,0,0,0,0,0,0,0,0
2021/10/13,16:16:10,-24.43,0.48,0.53,0.25,0,0,0,0,0,0,0,0
2021/10/13,16:16:15,-24.55,0.44,0.43,0.14,0,0,0,0,0,0,0,0
2021/10/13,16:16:20,-24.38,0.42,0.43,0.11,0,0,0,0,0,0,0,0
2021/10/13,16:16:25,-24.52,0.39,0.44,0.08,0,0,0,0,0,0,0,0
2021/10/13,16:16:30,-24.62,0.36,0.44,0.06,0,0,0,0,0,0,0,0
2021/10/13,16:16:35,-24.71,0.33,0.44,0.01,0,0,0,0,0,0,0,0
2021/10/13,16:16:40,-24.81,0.32,0.44,-0.01,0,0,0,0,0,0,0,0
2021/10/13,16:16:45,-24.9,0.29,0.44,-0.04,0,0,0,0,0,0,0,0
2021/10/13,16:16:50,-24.77,0.28,0.46,-0.04,0,0,0,0,0,0,0,0
2021/10/13,16:16:55,-24.86,0.26,0.46,-0.06,0,0,0,0,0,0,0,0
2021/10/13,16:17:00,-24.89,0.24,0.46,-0.08,0,0,0,0,0,0,0,0
2021/10/13,16:17:05,-25.05,0.22,0.46,-0.11,0,0,0,0,0,0,0,0
2021/10/13,16:17:10,-25.03,0.21,0.46,-0.12,0,0,0,0,0,0,0,0
2021/10/13,16:17:15,-24.87,0.18,0.46,-0.14,0,0,0,0,0,0,0,0
2021/10/13,16:17:20,-25.05,0.18,0.46,-0.17,0,0,0,0,0,0,0,0
2021/10/13,16:17:25,-25.24,0.17,0.46,-0.18,0,0,0,0,0,0,0,0
2021/10/13,16:17:30,-25.23,0.15,0.46,-0.19,0,0,0,0,0,0,0,0
2021/10/13,16:17:35,-25.27,0.14,0.47,-0.21,0,0,0,0,0,0,0,0
2021/10/13,16:17:40,-25.01,0.14,0.46,-0.22,0,0,0,0,0,0,0,0
2021/10/13,16:17:45,-24.62,0.14,0.46,-0.24,0,0,0,0,0,0,0,0
2021/10/13,16:17:50,-24.46,0.12,0.46,-0.25,0,0,0,0,0,0,0,0
2021/10/13,16:17:55,-24.48,0.11,0.47,-0.26,0,0,0,0,0,0,0,0
2021/10/13,16:18:00,-24.7,0.11,0.46,-0.28,0,0,0,0,0,0,0,0
2021/10/13,16:18:05,-24.89,0.1,0.46,-0.28,0,0,0,0,0,0,0,0
2021/10/13,16:18:10,-24.96,0.08,0.46,-0.29,0,0,0,0,0,0,0,0
2021/10/13,16:18:15,-25.21,0.07,0.44,-0.32,0,0,0,0,0,0,0,0
2021/10/13,16:18:20,-25.43,0.07,0.46,-0.32,0,0,0,0,0,0,0,0
2021/10/13,16:18:25,-25.53,-0.03,0.36,-0.42,0,0,0,0,0,0,0,0
2021/10/13,16:18:30,-25.56,-0.05,0.36,-0.42,0,0,0,0,0,0,0,0
2021/10/13,16:18:35,-25.62,-0.05,0.36,-0.45,0,0,0,0,0,0,0,0
2021/10/13,16:18:40,-25.8,-0.06,0.36,-0.45,0,0,0,0,0,0,0,0
2021/10/13,16:18:45,-25.84,-0.06,0.36,-0.46,0,0,0,0,0,0,0,0
2021/10/13,16:18:50,-26.03,-0.06,0.37,-0.46,0,0,0,0,0,0,0,0
2021/10/13,16:18:55,-26.03,-0.07,0.37,-0.46,0,0,0,0,0,0,0,0
2021/10/13,16:19:00,-26.15,-0.09,0.37,-0.48,0,0,0,0,0,0,0,0
2021/10/13,16:19:05,-25.97,-0.09,0.37,-0.48,0,0,0,0,0,0,0,0
2021/10/13,16:19:10,-26.12,-0.1,0.37,-0.48,0,0,0,0,0,0,0,0
2021/10/13,16:19:15,-26.37,-0.1,0.37,-0.49,0,0,0,0,0,0,0,0
2021/10/13,16:19:20,-26.39,-0.12,0.37,-0.49,0,0,0,0,0,0,0,0
2021/10/13,16:19:25,-26.47,-0.12,0.37,-0.49,0,0,0,0,0,0,0,0
2021/10/13,16:19:30,-26.27,-0.12,0.37,-0.5,0,0,0,0,0,0,0,0
2021/10/13,16:19:35,-26.44,-0.12,0.37,-0.49,0,0,0,0,0,0,0,0
2021/10/13,16:19:40,-26.44,-0.12,0.37,-0.49,0,0,0,0,0,0,0,0
2021/10/13,16:19:45,-26.63,-0.12,0.37,-0.49,0,0,0,0,0,0,0,0
2021/10/13,16:19:50,-26.75,-0.13,0.37,-0.49,0,0,0,0,0,0,0,0
2021/10/13,16:19:55,-26.62,-0.13,0.37,-0.5,0,0,0,0,0,0,0,0
2021/10/13,16:20:00,-26.71,-0.13,0.37,-0.49,0,0,0,0,0,0,0,0
2021/10/13,16:20:05,-26.89,-0.13,0.37,-0.5,0,0,0,0,0,0,0,0
2021/10/13,16:20:10,-26.91,-0.13,0.36,-0.5,0,0,0,0,0,0,0,0
2021/10/13,16:20:15,-26.96,-0.13,0.37,-0.5,0,0,0,0,0,0,0,0
2021/10/13,16:20:20,-26.99,-0.13,0.36,-0.5,0,0,0,0,0,0,0,0
2021/10/13,16:20:25,-27.19,-0.14,0.37,-0.5,0,0,0,0,0,0,0,0
2021/10/13,16:20:30,-27.22,-0.14,0.37,-0.5,0,0,0,0,0,0,0,0
2021/10/13,16:20:35,-27.25,-0.14,0.36,-0.5,0,0,0,0,0,0,0,0
2021/10/13,16:20:40,-27.36,-0.14,0.37,-0.5,0,0,0,0,0,0,0,0
2021/10/13,16:20:45,-27.42,-0.14,0.37,-0.52,0,0,0,0,0,0,0,0
2021/10/13,16:20:50,-27.46,-0.14,0.37,-0.5,0,0,0,0,0,0,0,0
2021/10/13,16:20:55,-27.37,-0.14,0.37,-0.52,0,0,0,0,0,0,0,0
2021/10/13,16:21:00,-27.36,-0.14,0.36,-0.52,0,0,0,0,0,0,0,0
2021/10/13,16:21:05,-27.5,-0.14,0.36,-0.52,0,0,0,0,0,0,0,0
2021/10/13,16:21:10,-27.34,-0.14,0.37,-0.5,0,0,0,0,0,0,0,0
2021/10/13,16:21:15,-27.59,-0.14,0.36,-0.5,0,0,0,0,0,0,0,0
2021/10/13,16:21:20,-27.67,-0.14,0.36,-0.52,0,0,0,0,0,0,0,0
2021/10/13,16:21:25,-27.72,-0.16,0.36,-0.52,0,0,0,0,0,0,0,0
2021/10/13,16:21:30,-27.7,-0.14,0.36,-0.52,0,0,0,0,0,0,0,0
2021/10/13,16:21:35,-27.58,-0.14,0.37,-0.52,0,0,0,0,0,0,0,0
2021/10/13,16:21:40,-27.75,-0.16,0.36,-0.52,0,0,0,0,0,0,0,0
2021/10/13,16:21:45,-27.8,-0.16,0.36,-0.53,0,0,0,0,0,0,0,0
2021/10/13,16:21:50,-27.93,-0.16,0.36,-0.53,0,0,0,0,0,0,0,0
2021/10/13,16:21:55,-27.92,-0.16,0.36,-0.53,0,0,0,0,0,0,0,0
2021/10/13,16:22:00,-28.06,-0.16,0.36,-0.53,0,0,0,0,0,0,0,0
2021/10/13,16:22:05,-28.02,-0.16,0.36,-0.53,0,0,0,0,0,0,0,0
2021/10/13,16:22:10,-28.18,-0.16,0.36,-0.53,0,0,0,0,0,0,0,0
2021/10/13,16:22:15,-28.2,-0.16,0.36,-0.54,0,0,0,0,0,0,0,0
2021/10/13,16:22:20,-28.26,-0.16,0.36,-0.54,0,0,0,0,0,0,0,0
2021/10/13,16:22:25,-28.27,-0.16,0.36,-0.54,0,0,0,0,0,0,0,0
2021/10/13,16:22:30,-28.21,-0.16,0.36,-0.54,0,0,0,0,0,0,0,0
2021/10/13,16:22:35,-28.42,-0.16,0.36,-0.54,0,0,0,0,0,0,0,0
2021/10/13,16:22:40,-28.61,-0.16,0.34,-0.54,0,0,0,0,0,0,0,0
2021/10/13,16:22:45,-28.62,-0.16,0.34,-0.54,0,0,0,0,0,0,0,0
2021/10/13,16:22:50,-28.55,-0.17,0.34,-0.54,0,0,0,0,0,0,0,0
2021/10/13,16:22:55,-28.4,-0.17,0.34,-0.54,0,0,0,0,0,0,0,0
2021/10/13,16:23:00,-28.42,-0.17,0.34,-0.56,0,0,0,0,0,0,0,0
2021/10/13,16:23:05,-28.54,-0.17,0.34,-0.54,0,0,0,0,0,0,0,0
2021/10/13,16:23:10,-28.62,-0.17,0.34,-0.56,0,0,0,0,0,0,0,0
2021/10/13,16:23:15,-28.64,-0.17,0.34,-0.56,0,0,0,0,0,0,0,0
2021/10/13,16:23:20,-28.83,-0.17,0.34,-0.56,0,0,0,0,0,0,0,0
2021/10/13,16:23:25,-28.74,-0.17,0.34,-0.57,0,0,0,0,0,0,0,0
2021/10/13,16:23:30,-28.85,-0.17,0.34,-0.57,0,0,0,0,0,0,0,0
2021/10/13,16:23:35,-28.79,-0.17,0.34,-0.57,0,0,0,0,0,0,0,0
2021/10/13,16:23:40,-28.83,-0.17,0.34,-0.57,0,0,0,0,0,0,0,0
2021/10/13,16:23:45,-28.91,-0.17,0.34,-0.57,0,0,0,0,0,0,0,0
2021/10/13,16:23:50,-28.86,-0.17,0.33,-0.57,0,0,0,0,0,0,0,0
2021/10/13,16:23:55,-28.95,-0.17,0.33,-0.57,0,0,0,0,0,0,0,0
2021/10/13,16:24:00,-29.01,-0.17,0.33,-0.57,0,0,0,0,0,0,0,0
2021/10/13,16:24:05,-29.17,-0.17,0.33,-0.59,0,0,0,0,0,0,0,0
2021/10/13,16:24:10,-29.28,-0.17,0.33,-0.59,0,0,0,0,0,0,0,0
2021/10/13,16:24:15,-29.35,-0.17,0.33,-0.59,0,0,0,0,0,0,0,0
2021/10/13,16:24:20,-29.13,-0.17,0.33,-0.59,0,0,0,0,0,0,0,0
2021/10/13,16:24:25,-29.29,-0.17,0.31,-0.6,0,0,0,0,0,0,0,0
2021/10/13,16:24:30,-29.35,-0.17,0.31,-0.6,0,0,0,0,0,0,0,0
2021/10/13,16:24:35,-29.44,-0.17,0.31,-0.6,0,0,0,0,0,0,0,0
2021/10/13,16:24:40,-29.48,-0.18,0.33,-0.61,0,0,0,0,0,0,0,0
2021/10/13,16:24:45,-29.5,-0.18,0.33,-0.61,0,0,0,0,0,0,0,0
2021/10/13,16:24:50,-29.62,-0.18,0.31,-0.63,0,0,0,0,0,0,0,0
2021/10/13,16:24:55,-29.72,-0.18,0.33,-0.61,0,0,0,0,0,0,0,0
2021/10/13,16:25:00,-29.78,-0.18,0.31,-0.61,0,0,0,0,0,0,0,0
2021/10/13,16:25:05,-29.87,-0.2,0.31,-0.63,0,0,0,0,0,0,0,0
2021/10/13,16:25:10,-29.9,-0.18,0.3,-0.63,0,0,0,0,0,0,0,0
2021/10/13,16:25:15,-30.05,-0.2,0.31,-0.63,0,0,0,0,0,0,0,0
2021/10/13,16:25:20,-29.94,-0.2,0.3,-0.63,0,0,0,0,0,0,0,0
2021/10/13,16:25:25,-30.05,-0.2,0.3,-0.64,0,0,0,0,0,0,0,0
2021/10/13,16:25:30,-30.21,-0.2,0.3,-0.64,0,0,0,0,0,0,0,0
2021/10/13,16:25:35,-30.22,-0.2,0.3,-0.64,0,0,0,0,0,0,0,0
2021/10/13,16:25:40,-30.46,-0.21,0.29,-0.64,0,0,0,0,0,0,0,0
2021/10/13,16:25:45,-30.45,-0.21,0.3,-0.65,0,0,0,0,0,0,0,0
2021/10/13,16:25:50,-30.37,-0.11,0.39,-0.57,0,0,0,0,0,0,0,0
2021/10/13,16:25:55,-30.42,-0.11,0.39,-0.55,0,0,0,0,0,0,0,0
2021/10/13,16:26:00,-30.4,-0.11,0.39,-0.57,0,0,0,0,0,0,0,0
2021/10/13,16:26:05,-30.5,-0.11,0.39,-0.57,0,0,0,0,0,0,0,0
2021/10/13,16:26:10,-30.47,-0.11,0.37,-0.58,0,0,0,0,0,0,0,0
2021/10/13,16:26:15,-30.46,-0.12,0.37,-0.58,0,0,0,0,0,0,0,0
2021/10/13,16:26:20,-30.59,-0.12,0.37,-0.58,0,0,0,0,0,0,0,0
2021/10/13,16:26:25,-30.68,-0.12,0.39,-0.58,0,0,0,0,0,0,0,0
2021/10/13,16:26:30,-30.79,-0.12,0.37,-0.58,0,0,0,0,0,0,0,0
2021/10/13,16:26:35,-30.92,-0.14,0.37,-0.6,0,0,0,0,0,0,0,0
2021/10/13,16:26:40,-30.98,-0.14,0.37,-0.6,0,0,0,0,0,0,0,0
2021/10/13,16:26:45,-30.79,-0.14,0.36,-0.6,0,0,0,0,0,0,0,0
2021/10/13,16:26:50,-30.88,-0.14,0.36,-0.6,0,0,0,0,0,0,0,0
2021/10/13,16:26:55,-30.82,-0.14,0.36,-0.61,0,0,0,0,0,0,0,0
2021/10/13,16:27:00,-30.95,-0.15,0.36,-0.62,0,0,0,0,0,0,0,0
2021/10/13,16:27:05,-30.99,-0.15,0.36,-0.62,0,0,0,0,0,0,0,0
2021/10/13,16:27:10,-31,-0.15,0.36,-0.62,0,0,0,0,0,0,0,0
2021/10/13,16:27:15,-31.05,-0.15,0.35,-0.62,0,0,0,0,0,0,0,0
2021/10/13,16:27:20,-31.06,-0.15,0.35,-0.64,0,0,0,0,0,0,0,0
2021/10/13,16:27:25,-31.14,-0.15,0.35,-0.64,0,0,0,0,0,0,0,0
2021/10/13,16:27:30,-31.23,-0.17,0.35,-0.64,0,0,0,0,0,0,0,0
2021/10/13,16:27:35,-31.3,-0.17,0.35,-0.64,0,0,0,0,0,0,0,0
2021/10/13,16:27:40,-31.36,-0.17,0.35,-0.64,0,0,0,0,0,0,0,0
2021/10/13,16:27:45,-31.41,-0.19,0.33,-0.65,0,0,0,0,0,0,0,0
2021/10/13,16:27:50,-31.18,-0.29,0.33,-0.66,0,0,0,0,0,0,0,0
2021/10/13,16:27:55,-31.33,-0.25,0.33,-0.66,0,0,0,0,0,0,0,0
2021/10/13,16:28:00,-31.39,-0.26,0.33,-0.66,0,0,0,0,0,0,0,0
2021/10/13,16:28:05,-31.49,-0.3,0.33,-0.68,0,0,0,0,0,0,0,0
2021/10/13,16:28:10,-31.69,-0.4,0.33,-0.68,0,0,0,0,0,0,0,0
2021/10/13,16:28:15,-31.44,-0.53,0.33,-0.69,0,0,0,0,0,0,0,0
2021/10/13,16:28:20,-31.66,-0.71,0.32,-0.71,0,0,0,0,0,0,0,0
2021/10/13,16:28:25,-31.79,-0.89,0.32,-0.71,0,0,0,0,0,0,0,0
2021/10/13,16:28:30,-31.66,-1.09,0.32,-0.72,0,0,0,0,0,0,0,0
2021/10/13,16:28:35,-31.81,-1.32,0.3,-0.73,0,0,0,0,0,0,0,0
2021/10/13,16:28:40,-31.85,-1.55,0.3,-0.73,0,0,0,0,0,0,0,0
2021/10/13,16:28:45,-31.93,-1.79,0.3,-0.76,0,0,0,0,0,0,0,0
2021/10/13,16:28:50,-32.03,-2.02,0.3,-0.79,0,0,0,0,0,0,0,0
2021/10/13,16:28:55,-32.06,-2.26,0.3,-0.82,0,0,0,0,0,0,0,0
2021/10/13,16:29:00,-32.1,-2.51,0.29,-0.83,0,0,0,0,0,0,0,0
2021/10/13,16:29:05,-32.15,-2.75,0.28,-0.86,0,0,0,0,0,0,0,0
2021/10/13,16:29:10,-32.24,-3.01,0.26,-0.87,0,0,0,0,0,0,0,0
2021/10/13,16:29:15,-32.33,-3.26,0.24,-0.9,0,0,0,0,0,0,0,0
2021/10/13,16:29:20,-32.37,-3.51,0.18,-0.93,0,0,0,0,0,0,0,0
2021/10/13,16:29:25,-32.4,-3.75,0.11,-0.96,0,0,0,0,0,0,0,0
2021/10/13,16:29:30,-32.54,-3.99,-0.01,-1,0,0,0,0,0,0,0,0
2021/10/13,16:29:35,-32.69,-4.24,-0.17,-1.04,0,0,0,0,0,0,0,0
2021/10/13,16:29:40,-32.8,-4.49,-0.32,-1.09,0,0,0,0,0,0,0,0
2021/10/13,16:29:45,-32.76,-4.71,-0.5,-1.16,0,0,0,0,0,0,0,0
2021/10/13,16:29:50,-32.76,-4.96,-0.72,-1.22,0,0,0,0,0,0,0,0
2021/10/13,16:29:55,-32.83,-5.2,-0.94,-1.3,0,0,0,0,0,0,0,0
2021/10/13,16:30:00,-32.83,-5.44,-1.19,-1.38,0,0,0,0,0,0,0,0
2021/10/13,16:30:05,-32.66,-5.66,-1.47,-1.45,0,0,0,0,0,0,0,0
2021/10/13,16:30:10,-32.83,-5.89,-1.75,-1.57,0,0,0,0,0,0,0,0
2021/10/13,16:30:15,-33.06,-6.13,-2.04,-1.65,0,0,0,0,0,0,0,0
2021/10/13,16:30:20,-33.07,-6.35,-2.34,-1.76,0,0,0,0,0,0,0,0
2021/10/13,16:30:25,-33.09,-6.58,-2.65,-1.86,0,0,0,0,0,0,0,0
2021/10/13,16:30:30,-33.16,-6.8,-2.93,-1.97,0,0,0,0,0,0,0,0
2021/10/13,16:30:35,-32.99,-7.04,-3.23,-2.09,0,0,0,0,0,0,0,0
2021/10/13,16:30:40,-33.1,-7.26,-3.53,-2.22,0,0,0,0,0,0,0,0
2021/10/13,16:30:45,-33.14,-7.4,-3.74,-2.25,0,0,0,0,0,0,0,0
2021/10/13,16:30:50,-33.29,-7.63,-4.05,-2.38,0,0,0,0,0,0,0,0
2021/10/13,16:30:55,-33.28,-7.85,-4.37,-2.5,0,0,0,0,0,0,0,0
2021/10/13,16:31:00,-33.26,-8.08,-4.68,-2.66,0,0,0,0,0,0,0,0
2021/10/13,16:31:05,-33.43,-8.29,-4.99,-2.82,0,0,0,0,0,0,0,0
2021/10/13,16:31:10,-33.56,-8.51,-5.32,-2.98,0,0,0,0,0,0,0,0
2021/10/13,16:31:15,-33.59,-8.74,-5.63,-3.13,0,0,0,0,0,0,0,0
2021/10/13,16:31:20,-33.53,-8.97,-5.94,-3.3,0,0,0,0,0,0,0,0
2021/10/13,16:31:25,-33.63,-9.18,-6.26,-3.47,0,0,0,0,0,0,0,0
2021/10/13,16:31:30,-33.71,-9.39,-6.56,-3.63,0,0,0,0,0,0,0,0
2021/10/13,16:31:35,-33.75,-9.62,-6.88,-3.81,0,0,0,0,0,0,0,0
2021/10/13,16:31:40,-33.87,-9.84,-7.18,-4,0,0,0,0,0,0,0,0
2021/10/13,16:31:45,-33.9,-10.05,-7.49,-4.18,0,0,0,0,0,0,0,0
2021/10/13,16:31:50,-33.99,-10.28,-7.8,-4.36,0,0,0,0,0,0,0,0
2021/10/13,16:31:55,-33.96,-10.51,-8.09,-4.54,0,0,0,0,0,0,0,0
2021/10/13,16:32:00,-34.14,-10.72,-8.42,-4.72,0,0,0,0,0,0,0,0
2021/10/13,16:32:05,-34.2,-10.96,-8.7,-4.9,0,0,0,0,0,0,0,0
2021/10/13,16:32:10,-34.11,-11.19,-9.01,-5.09,0,0,0,0,0,0,0,0
2021/10/13,16:32:15,-34.11,-11.42,-9.31,-5.3,0,0,0,0,0,0,0,0
2021/10/13,16:32:20,-34.16,-11.63,-9.6,-5.48,0,0,0,0,0,0,0,0
2021/10/13,16:32:25,-34.2,-11.87,-9.9,-5.67,0,0,0,0,0,0,0,0
2021/10/13,16:32:30,-34.37,-12.1,-10.2,-5.87,0,0,0,0,0,0,0,0
2021/10/13,16:32:35,-34.58,-12.34,-10.48,-6.07,0,0,0,0,0,0,0,0
2021/10/13,16:32:40,-34.59,-12.6,-10.79,-6.26,0,0,0,0,0,0,0,0
2021/10/13,16:32:45,-34.62,-12.83,-11.08,-6.45,0,0,0,0,0,0,0,0
2021/10/13,16:32:50,-34.65,-13.08,-11.37,-6.64,0,0,0,0,0,0,0,0
2021/10/13,16:32:55,-34.7,-13.34,-11.67,-6.84,0,0,0,0,0,0,0,0
2021/10/13,16:33:00,-34.91,-13.6,-11.97,-7.05,0,0,0,0,0,0,0,0
2021/10/13,16:33:05,-34.98,-13.85,-12.27,-7.25,0,0,0,0,0,0,0,0
2021/10/13,16:33:10,-35.01,-14.12,-12.57,-7.46,0,0,0,0,0,0,0,0
2021/10/13,16:33:15,-34.85,-14.38,-12.87,-7.65,0,0,0,0,0,0,0,0
2021/10/13,16:33:20,-35,-14.65,-13.17,-7.85,0,0,0,0,0,0,0,0
2021/10/13,16:33:25,-35.03,-14.93,-13.47,-8.06,0,0,0,0,0,0,0,0
2021/10/13,16:33:30,-35,-15.2,-13.78,-8.26,0,0,0,0,0,0,0,0
2021/10/13,16:33:35,-34.98,-15.48,-14.08,-8.47,0,0,0,0,0,0,0,0
2021/10/13,16:33:40,-35.28,-15.77,-14.38,-8.67,0,0,0,0,0,0,0,0
2021/10/13,16:33:45,-35.28,-16.06,-14.71,-8.87,0,0,0,0,0,0,0,0
2021/10/13,16:33:50,-35.57,-16.36,-15.01,-9.06,0,0,0,0,0,0,0,0
2021/10/13,16:33:55,-35.66,-16.66,-15.34,-9.28,0,0,0,0,0,0,0,0
2021/10/13,16:34:00,-35.77,-16.96,-15.66,-9.49,0,0,0,0,0,0,0,0
2021/10/13,16:34:05,-35.97,-17.3,-15.99,-9.7,0,0,0,0,0,0,0,0
2021/10/13,16:34:10,-35.84,-17.64,-16.33,-9.91,0,0,0,0,0,0,0,0
2021/10/13,16:34:15,-36.05,-17.97,-16.65,-10.13,0,0,0,0,0,0,0,0
2021/10/13,16:34:20,-36.1,-18.35,-16.98,-10.35,0,0,0,0,0,0,0,0
2021/10/13,16:34:25,-36.16,-18.72,-17.34,-10.57,0,0,0,0,0,0,0,0
2021/10/13,16:34:30,-36.25,-19.1,-17.68,-10.78,0,0,0,0,0,0,0,0
2021/10/13,16:34:35,-36.38,-19.49,-18.03,-11,0,0,0,0,0,0,0,0
2021/10/13,16:34:40,-36.58,-19.87,-18.38,-11.22,0,0,0,0,0,0,0,0
2021/10/13,16:34:45,-36.43,-20.24,-18.75,-11.45,0,0,0,0,0,0,0,0
2021/10/13,16:34:50,-36.68,-20.64,-19.11,-11.67,0,0,0,0,0,0,0,0
2021/10/13,16:34:55,-36.74,-21.03,-19.49,-11.9,0,0,0,0,0,0,0,0
2021/10/13,16:35:00,-36.86,-21.42,-19.87,-12.16,0,0,0,0,0,0,0,0
2021/10/13,16:35:05,-37.13,-21.78,-20.24,-12.4,0,0,0,0,0,0,0,0
2021/10/13,16:35:10,-37.19,-22.18,-20.64,-12.63,0,0,0,0,0,0,0,0
2021/10/13,16:35:15,-37.45,-22.56,-21.01,-12.85,0,0,0,0,0,0,0,0
2021/10/13,16:35:20,-37.54,-22.92,-21.39,-13.11,0,0,0,0,0,0,0,0
2021/10/13,16:35:25,-37.75,-23.28,-21.78,-13.35,0,0,0,0,0,0,0,0
2021/10/13,16:35:30,-37.87,-23.64,-22.13,-13.6,0,0,0,0,0,0,0,0
2021/10/13,16:35:35,-38.02,-24,-22.51,-13.85,0,0,0,0,0,0,0,0
2021/10/13,16:35:40,-38.11,-24.35,-22.85,-14.12,0,0,0,0,0,0,0,0
2021/10/13,16:35:45,-38.17,-24.7,-23.21,-14.4,0,0,0,0,0,0,0,0
2021/10/13,16:35:50,-38.29,-25.04,-23.58,-14.68,0,0,0,0,0,0,0,0
2021/10/13,16:35:55,-38.43,-25.38,-23.9,-14.98,0,0,0,0,0,0,0,0
2021/10/13,16:36:00,-38.64,-25.71,-24.23,-15.28,0,0,0,0,0,0,0,0
2021/10/13,16:36:05,-38.73,-26.04,-24.57,-15.59,0,0,0,0,0,0,0,0
2021/10/13,16:36:10,-38.76,-26.38,-24.89,-15.92,0,0,0,0,0,0,0,0
2021/10/13,16:36:15,-39.02,-26.71,-25.23,-16.25,0,0,0,0,0,0,0,0
2021/10/13,16:36:20,-39.21,-27.02,-25.55,-16.58,0,0,0,0,0,0,0,0
2021/10/13,16:36:25,-39.26,-27.35,-25.86,-16.92,0,0,0,0,0,0,0,0
2021/10/13,16:36:30,-39.32,-27.66,-26.18,-17.27,0,0,0,0,0,0,0,0
2021/10/13,16:36:35,-39.45,-27.97,-26.49,-17.6,0,0,0,0,0,0,0,0
2021/10/13,16:36:40,-39.47,-28.29,-26.82,-17.97,0,0,0,0,0,0,0,0
2021/10/13,16:36:45,-39.67,-28.57,-27.1,-18.31,0,0,0,0,0,0,0,0
2021/10/13,16:36:50,-40.01,-28.88,-27.41,-18.67,0,0,0,0,0,0,0,0
2021/10/13,16:36:55,-40.2,-29.18,-27.7,-19.03,0,0,0,0,0,0,0,0
2021/10/13,16:37:00,-40.33,-29.47,-28,-19.39,0,0,0,0,0,0,0,0
2021/10/13,16:37:05,-40.54,-29.77,-28.29,-19.77,0,0,0,0,0,0,0,0
2021/10/13,16:37:10,-40.51,-30.07,-28.57,-20.1,0,0,0,0,0,0,0,0
2021/10/13,16:37:15,-40.71,-30.35,-28.87,-20.45,0,0,0,0,0,0,0,0
2021/10/13,16:37:20,-41,-30.74,-29.15,-20.81,0,0,0,0,0,0,0,0
2021/10/13,16:37:25,-41.2,-31.03,-29.43,-21.17,0,0,0,0,0,0,0,0
2021/10/13,16:37:30,-41.41,-31.3,-29.71,-21.51,0,0,0,0,0,0,0,0
2021/10/13,16:37:35,-41.53,-31.58,-29.96,-21.84,0,0,0,0,0,0,0,0
2021/10/13,16:37:40,-41.55,-31.87,-30.24,-22.19,0,0,0,0,0,0,0,0
2021/10/13,16:37:45,-41.85,-32.12,-30.51,-22.54,0,0,0,0,0,0,0,0
2021/10/13,16:37:50,-42.07,-32.4,-30.78,-22.88,0,0,0,0,0,0,0,0
2021/10/13,16:37:55,-42.14,-32.66,-31.03,-23.2,0,0,0,0,0,0,0,0
2021/10/13,16:38:00,-42.26,-32.92,-31.3,-23.52,0,0,0,0,0,0,0,0
2021/10/13,16:38:05,-42.19,-33.18,-31.56,-23.84,0,0,0,0,0,0,0,0
2021/10/13,16:38:10,-42.48,-33.45,-31.8,-24.18,0,0,0,0,0,0,0,0
2021/10/13,16:38:15,-42.63,-33.71,-32.05,-24.48,0,0,0,0,0,0,0,0
2021/10/13,16:38:20,-42.8,-33.95,-32.31,-24.81,0,0,0,0,0,0,0,0
2021/10/13,16:38:25,-42.92,-34.21,-32.56,-25.11,0,0,0,0,0,0,0,0
2021/10/13,16:38:30,-43.15,-34.45,-32.8,-25.44,0,0,0,0,0,0,0,0
2021/10/13,16:38:35,-43.28,-34.7,-33.04,-25.73,0,0,0,0,0,0,0,0
2021/10/13,16:38:40,-43.37,-34.96,-33.28,-26.04,0,0,0,0,0,0,0,0
2021/10/13,16:38:45,-43.48,-35.2,-33.63,-26.44,0,0,0,0,0,0,0,0
2021/10/13,16:38:50,-43.68,-35.44,-33.88,-26.75,0,0,0,0,0,0,0,0
2021/10/13,16:38:55,-43.79,-35.68,-34.1,-27.04,0,0,0,0,0,0,0,0
2021/10/13,16:39:00,-43.91,-35.92,-34.34,-27.34,0,0,0,0,0,0,0,0
2021/10/13,16:39:05,-44.09,-36.14,-34.57,-27.6,0,0,0,0,0,0,0,0
2021/10/13,16:39:10,-44.38,-36.38,-34.79,-27.9,0,0,0,0,0,0,0,0
2021/10/13,16:39:15,-44.38,-36.61,-35,-28.18,0,0,0,0,0,0,0,0
2021/10/13,16:39:20,-44.55,-36.83,-35.23,-28.46,0,0,0,0,0,0,0,0
2021/10/13,16:39:25,-44.72,-37.18,-35.47,-28.75,0,0,0,0,0,0,0,0
2021/10/13,16:39:30,-44.84,-37.39,-35.68,-29.02,0,0,0,0,0,0,0,0
2021/10/13,16:39:35,-44.98,-37.62,-35.89,-29.3,0,0,0,0,0,0,0,0
2021/10/13,16:39:40,-45.14,-37.83,-36.11,-29.58,0,0,0,0,0,0,0,0
2021/10/13,16:39:45,-45.26,-38.07,-36.32,-29.83,0,0,0,0,0,0,0,0
2021/10/13,16:39:50,-45.47,-38.28,-36.55,-30.13,0,0,0,0,0,0,0,0
2021/10/13,16:39:55,-45.61,-38.49,-36.74,-30.4,0,0,0,0,0,0,0,0
2021/10/13,16:40:00,-45.73,-38.7,-36.95,-30.65,0,0,0,0,0,0,0,0
2021/10/13,16:40:05,-45.87,-38.92,-37.16,-30.92,0,0,0,0,0,0,0,0
2021/10/13,16:40:10,-46.01,-39.13,-37.36,-31.18,0,0,0,0,0,0,0,0
2021/10/13,16:40:15,-46.13,-39.34,-37.57,-31.44,0,0,0,0,0,0,0,0
2021/10/13,16:40:20,-46.28,-39.55,-37.76,-31.69,0,0,0,0,0,0,0,0
2021/10/13,16:40:25,-46.41,-39.76,-37.96,-31.94,0,0,0,0,0,0,0,0
2021/10/13,16:40:30,-46.48,-39.94,-38.16,-32.19,0,0,0,0,0,0,0,0
2021/10/13,16:40:35,-46.67,-40.16,-38.35,-32.46,0,0,0,0,0,0,0,0
2021/10/13,16:40:40,-46.81,-40.35,-38.55,-32.72,0,0,0,0,0,0,0,0
2021/10/13,16:40:45,-46.99,-40.55,-38.74,-32.94,0,0,0,0,0,0,0,0
2021/10/13,16:40:50,-47.13,-40.76,-39.05,-33.29,0,0,0,0,0,0,0,0
2021/10/13,16:40:55,-47.27,-40.96,-39.23,-33.54,0,0,0,0,0,0,0,0
2021/10/13,16:41:00,-47.39,-41.16,-39.43,-33.78,0,0,0,0,0,0,0,0
2021/10/13,16:41:05,-47.51,-41.34,-39.6,-34.02,0,0,0,0,0,0,0,0
2021/10/13,16:41:10,-47.62,-41.53,-39.79,-34.27,0,0,0,0,0,0,0,0
2021/10/13,16:41:15,-47.77,-41.72,-39.97,-34.5,0,0,0,0,0,0,0,0
2021/10/13,16:41:20,-47.87,-41.9,-40.14,-34.74,0,0,0,0,0,0,0,0
2021/10/13,16:41:25,-47.88,-42.1,-40.32,-34.98,0,0,0,0,0,0,0,0
2021/10/13,16:41:30,-48.05,-42.28,-40.52,-35.22,0,0,0,0,0,0,0,0
2021/10/13,16:41:35,-48.19,-42.46,-40.69,-35.46,0,0,0,0,0,0,0,0
2021/10/13,16:41:40,-48.27,-42.64,-40.85,-35.67,0,0,0,0,0,0,0,0
2021/10/13,16:41:45,-48.31,-42.83,-41.02,-35.91,0,0,0,0,0,0,0,0
2021/10/13,16:41:50,-48.53,-42.99,-41.19,-36.13,0,0,0,0,0,0,0,0
2021/10/13,16:41:55,-48.68,-43.18,-41.37,-36.36,0,0,0,0,0,0,0,0
2021/10/13,16:42:00,-48.77,-43.34,-41.55,-36.57,0,0,0,0,0,0,0,0
2021/10/13,16:42:05,-48.94,-43.53,-41.72,-36.79,0,0,0,0,0,0,0,0
2021/10/13,16:42:10,-49.08,-43.7,-41.87,-37,0,0,0,0,0,0,0,0
2021/10/13,16:42:15,-49.27,-43.88,-42.05,-37.23,0,0,0,0,0,0,0,0
2021/10/13,16:42:20,-49.31,-44.05,-42.2,-37.44,0,0,0,0,0,0,0,0
2021/10/13,16:42:25,-49.37,-44.21,-42.37,-37.66,0,0,0,0,0,0,0,0
2021/10/13,16:42:30,-49.48,-44.37,-42.52,-37.87,0,0,0,0,0,0,0,0
2021/10/13,16:42:35,-49.64,-44.53,-42.67,-38.1,0,0,0,0,0,0,0,0
2021/10/13,16:42:40,-49.74,-44.72,-42.84,-38.31,0,0,0,0,0,0,0,0
2021/10/13,16:42:45,-49.87,-44.89,-43.01,-38.52,0,0,0,0,0,0,0,0
2021/10/13,16:42:50,-49.93,-45.05,-43.16,-38.73,0,0,0,0,0,0,0,0
2021/10/13,16:42:55,-50.18,-45.32,-43.31,-38.95,0,0,0,0,0,0,0,0
2021/10/13,16:43:00,-50.24,-45.49,-43.48,-39.14,0,0,0,0,0,0,0,0
2021/10/13,16:43:05,-50.37,-45.66,-43.63,-39.35,0,0,0,0,0,0,0,0
2021/10/13,16:43:10,-50.58,-45.81,-43.79,-39.57,0,0,0,0,0,0,0,0
2021/10/13,16:43:15,-50.55,-45.96,-43.92,-39.78,0,0,0,0,0,0,0,0
2021/10/13,16:43:20,-50.69,-46.13,-44.09,-39.97,0,0,0,0,0,0,0,0
2021/10/13,16:43:25,-50.86,-46.3,-44.24,-40.17,0,0,0,0,0,0,0,0
2021/10/13,16:43:30,-50.91,-46.44,-44.4,-40.37,0,0,0,0,0,0,0,0
2021/10/13,16:43:35,-51.05,-46.59,-44.53,-40.58,0,0,0,0,0,0,0,0
2021/10/13,16:43:40,-51.25,-46.76,-44.7,-40.78,0,0,0,0,0,0,0,0
2021/10/13,16:43:45,-51.36,-46.91,-44.84,-40.97,0,0,0,0,0,0,0,0
2021/10/13,16:43:50,-51.48,-47.07,-44.98,-41.17,0,0,0,0,0,0,0,0
2021/10/13,16:43:55,-51.56,-47.2,-45.13,-41.37,0,0,0,0,0,0,0,0
2021/10/13,16:44:00,-51.7,-47.37,-45.27,-41.56,0,0,0,0,0,0,0,0
2021/10/13,16:44:05,-51.82,-47.51,-45.41,-41.75,0,0,0,0,0,0,0,0
2021/10/13,16:44:10,-51.81,-47.67,-45.57,-41.93,0,0,0,0,0,0,0,0
2021/10/13,16:44:15,-51.9,-47.82,-45.71,-42.11,0,0,0,0,0,0,0,0
2021/10/13,16:44:20,-52.09,-47.96,-45.83,-42.29,0,0,0,0,0,0,0,0
2021/10/13,16:44:25,-52.24,-48.1,-45.99,-42.48,0,0,0,0,0,0,0,0
2021/10/13,16:44:30,-52.27,-48.25,-46.11,-42.66,0,0,0,0,0,0,0,0
2021/10/13,16:44:35,-52.37,-48.4,-46.25,-42.86,0,0,0,0,0,0,0,0
2021/10/13,16:44:40,-52.51,-48.54,-46.4,-43.04,0,0,0,0,0,0,0,0
2021/10/13,16:44:45,-52.57,-48.7,-46.52,-43.22,0,0,0,0,0,0,0,0
2021/10/13,16:44:50,-52.71,-48.84,-46.66,-43.41,0,0,0,0,0,0,0,0
2021/10/13,16:44:55,-52.77,-48.96,-46.8,-43.56,0,0,0,0,0,0,0,0
2021/10/13,16:45:00,-52.89,-49.11,-46.94,-43.74,0,0,0,0,0,0,0,0
2021/10/13,16:45:05,-53,-49.24,-47.08,-43.91,0,0,0,0,0,0,0,0
2021/10/13,16:45:10,-53.13,-49.37,-47.2,-44.11,0,0,0,0,0,0,0,0
2021/10/13,16:45:15,-53.22,-49.51,-47.32,-44.27,0,0,0,0,0,0,0,0
2021/10/13,16:45:20,-53.19,-49.65,-47.46,-44.44,0,0,0,0,0,0,0,0
2021/10/13,16:45:25,-53.33,-49.78,-47.58,-44.61,0,0,0,0,0,0,0,0
2021/10/13,16:45:30,-53.36,-49.93,-47.72,-44.78,0,0,0,0,0,0,0,0
2021/10/13,16:45:35,-53.5,-50.05,-47.84,-44.95,0,0,0,0,0,0,0,0
2021/10/13,16:45:40,-53.58,-50.19,-47.97,-45.12,0,0,0,0,0,0,0,0
2021/10/13,16:45:45,-53.66,-50.32,-48.09,-45.27,0,0,0,0,0,0,0,0
2021/10/13,16:45:50,-53.83,-50.44,-48.21,-45.44,0,0,0,0,0,0,0,0
2021/10/13,16:45:55,-54.03,-50.58,-48.35,-45.6,0,0,0,0,0,0,0,0
2021/10/13,16:46:00,-54,-50.7,-48.46,-45.77,0,0,0,0,0,0,0,0
2021/10/13,16:46:05,-54.12,-50.83,-48.58,-45.93,0,0,0,0,0,0,0,0
2021/10/13,16:46:10,-54.26,-50.97,-48.71,-46.08,0,0,0,0,0,0,0,0
2021/10/13,16:46:15,-54.37,-51.09,-48.81,-46.25,0,0,0,0,0,0,0,0
2021/10/13,16:46:20,-54.46,-51.21,-48.95,-46.42,0,0,0,0,0,0,0,0
2021/10/13,16:46:25,-54.51,-51.34,-49.05,-46.55,0,0,0,0,0,0,0,0
2021/10/13,16:46:30,-54.68,-51.46,-49.18,-46.71,0,0,0,0,0,0,0,0
2021/10/13,16:46:35,-54.81,-51.59,-49.29,-46.88,0,0,0,0,0,0,0,0
2021/10/13,16:46:40,-54.84,-51.71,-49.42,-47.03,0,0,0,0,0,0,0,0
2021/10/13,16:46:45,-54.92,-51.83,-49.52,-47.17,0,0,0,0,0,0,0,0
2021/10/13,16:46:50,-54.98,-51.94,-49.65,-47.32,0,0,0,0,0,0,0,0
2021/10/13,16:46:55,-55.12,-52.08,-49.76,-47.49,0,0,0,0,0,0,0,0
2021/10/13,16:47:00,-55.18,-52.19,-49.86,-47.63,0,0,0,0,0,0,0,0
2021/10/13,16:47:05,-55.29,-52.31,-49.99,-47.78,0,0,0,0,0,0,0,0
2021/10/13,16:47:10,-55.4,-52.42,-50.08,-47.94,0,0,0,0,0,0,0,0
2021/10/13,16:47:15,-55.48,-52.55,-50.2,-48.08,0,0,0,0,0,0,0,0
2021/10/13,16:47:20,-55.6,-52.67,-50.3,-48.21,0,0,0,0,0,0,0,0
2021/10/13,16:47:25,-55.73,-52.78,-50.42,-48.37,0,0,0,0,0,0,0,0
2021/10/13,16:47:30,-55.78,-52.89,-50.51,-48.51,0,0,0,0,0,0,0,0
2021/10/13,16:47:35,-55.85,-53.01,-50.64,-48.65,0,0,0,0,0,0,0,0
2021/10/13,16:47:40,-55.95,-53.12,-50.74,-48.8,0,0,0,0,0,0,0,0
2021/10/13,16:47:45,-56.04,-53.23,-50.85,-48.94,0,0,0,0,0,0,0,0
2021/10/13,16:47:50,-56.15,-53.35,-50.95,-49.06,0,0,0,0,0,0,0,0
2021/10/13,16:47:55,-56.23,-53.46,-51.05,-49.22,0,0,0,0,0,0,0,0
2021/10/13,16:48:00,-56.29,-53.57,-51.16,-49.35,0,0,0,0,0,0,0,0
2021/10/13,16:48:05,-56.42,-53.68,-51.27,-49.48,0,0,0,0,0,0,0,0
2021/10/13,16:48:10,-56.53,-53.81,-51.36,-49.63,0,0,0,0,0,0,0,0
2021/10/13,16:48:15,-56.57,-53.9,-51.47,-49.76,0,0,0,0,0,0,0,0
2021/10/13,16:48:20,-56.7,-54.01,-51.58,-49.89,0,0,0,0,0,0,0,0
2021/10/13,16:48:25,-56.78,-54.1,-51.67,-50.03,0,0,0,0,0,0,0,0
2021/10/13,16:48:30,-56.87,-54.23,-51.78,-50.16,0,0,0,0,0,0,0,0
2021/10/13,16:48:35,-56.92,-54.32,-51.87,-50.3,0,0,0,0,0,0,0,0
2021/10/13,16:48:40,-57.01,-54.44,-51.98,-50.42,0,0,0,0,0,0,0,0
2021/10/13,16:48:45,-57.15,-54.54,-52.08,-50.56,0,0,0,0,0,0,0,0
2021/10/13,16:48:50,-57.26,-54.65,-52.18,-50.7,0,0,0,0,0,0,0,0
2021/10/13,16:48:55,-57.34,-54.76,-52.26,-50.82,0,0,0,0,0,0,0,0
2021/10/13,16:49:00,-57.43,-54.86,-52.37,-50.95,0,0,0,0,0,0,0,0
2021/10/13,16:49:05,-57.42,-54.96,-52.46,-51.08,0,0,0,0,0,0,0,0
2021/10/13,16:49:10,-57.53,-55.07,-52.56,-51.19,0,0,0,0,0,0,0,0
2021/10/13,16:49:15,-57.59,-55.16,-52.65,-51.33,0,0,0,0,0,0,0,0
2021/10/13,16:49:20,-57.72,-55.27,-52.74,-51.46,0,0,0,0,0,0,0,0
2021/10/13,16:49:25,-57.81,-55.36,-52.85,-51.58,0,0,0,0,0,0,0,0
2021/10/13,16:49:30,-57.86,-55.47,-52.95,-51.7,0,0,0,0,0,0,0,0
2021/10/13,16:49:35,-57.94,-55.57,-53.04,-51.83,0,0,0,0,0,0,0,0
2021/10/13,16:49:40,-57.98,-55.66,-53.12,-51.95,0,0,0,0,0,0,0,0
2021/10/13,16:49:45,-58.09,-55.77,-53.23,-52.06,0,0,0,0,0,0,0,0
2021/10/13,16:49:50,-58.19,-55.86,-53.3,-52.2,0,0,0,0,0,0,0,0
2021/10/13,16:49:55,-58.28,-55.96,-53.4,-52.31,0,0,0,0,0,0,0,0
2021/10/13,16:50:00,-58.37,-56.04,-53.49,-52.43,0,0,0,0,0,0,0,0
2021/10/13,16:50:05,-58.42,-56.15,-53.58,-52.54,0,0,0,0,0,0,0,0
2021/10/13,16:50:10,-58.47,-56.24,-53.68,-52.65,0,0,0,0,0,0,0,0
2021/10/13,16:50:15,-58.61,-56.33,-53.75,-52.77,0,0,0,0,0,0,0,0
2021/10/13,16:50:20,-58.59,-56.33,-53.85,-52.9,0,0,0,0,0,0,0,0
2021/10/13,16:50:25,-58.7,-56.41,-53.94,-53.01,0,0,0,0,0,0,0,0
2021/10/13,16:50:30,-58.78,-56.52,-54.02,-53.12,0,0,0,0,0,0,0,0
2021/10/13,16:50:35,-58.81,-56.59,-54.11,-53.24,0,0,0,0,0,0,0,0
2021/10/13,16:50:40,-58.89,-56.69,-54.19,-53.35,0,0,0,0,0,0,0,0
2021/10/13,16:50:45,-58.97,-56.77,-54.28,-53.47,0,0,0,0,0,0,0,0
2021/10/13,16:50:50,-59.03,-56.86,-54.38,-53.58,0,0,0,0,0,0,0,0
2021/10/13,16:50:55,-59.11,-56.97,-54.45,-53.71,0,0,0,0,0,0,0,0
2021/10/13,16:51:00,-59.19,-57.05,-54.55,-53.8,0,0,0,0,0,0,0,0
2021/10/13,16:51:05,-59.25,-57.16,-54.63,-53.91,0,0,0,0,0,0,0,0
2021/10/13,16:51:10,-59.33,-57.22,-54.7,-54.02,0,0,0,0,0,0,0,0
2021/10/13,16:51:15,-59.39,-57.31,-54.8,-54.13,0,0,0,0,0,0,0,0
2021/10/13,16:51:20,-59.42,-57.41,-54.86,-54.24,0,0,0,0,0,0,0,0
2021/10/13,16:51:25,-59.53,-57.5,-54.95,-54.36,0,0,0,0,0,0,0,0
2021/10/13,16:51:30,-59.61,-57.6,-55.03,-54.47,0,0,0,0,0,0,0,0
2021/10/13,16:51:35,-59.69,-57.67,-55.11,-54.58,0,0,0,0,0,0,0,0
2021/10/13,16:51:40,-59.77,-57.75,-55.2,-54.67,0,0,0,0,0,0,0,0
2021/10/13,16:51:45,-59.83,-57.85,-55.28,-54.8,0,0,0,0,0,0,0,0
2021/10/13,16:51:50,-59.91,-57.93,-55.36,-54.89,0,0,0,0,0,0,0,0
2021/10/13,16:51:55,-59.83,-58.02,-55.45,-55,0,0,0,0,0,0,0,0
2021/10/13,16:52:00,-59.94,-58.1,-55.52,-55.09,0,0,0,0,0,0,0,0
2021/10/13,16:52:05,-59.98,-58.18,-55.59,-55.2,0,0,0,0,0,0,0,0
2021/10/13,16:52:10,-60.06,-58.27,-55.67,-55.3,0,0,0,0,0,0,0,0
2021/10/13,16:52:15,-60.14,-58.35,-55.75,-55.41,0,0,0,0,0,0,0,0
2021/10/13,16:52:20,-60.19,-58.43,-55.83,-55.48,0,0,0,0,0,0,0,0
2021/10/13,16:52:25,-60.27,-58.51,-55.89,-55.59,0,0,0,0,0,0,0,0
2021/10/13,16:52:30,-60.35,-58.6,-55.98,-55.69,0,0,0,0,0,0,0,0
2021/10/13,16:52:35,-60.41,-58.68,-56.06,-55.8,0,0,0,0,0,0,0,0
2021/10/13,16:52:40,-60.46,-58.76,-56.12,-55.89,0,0,0,0,0,0,0,0
2021/10/13,16:52:45,-60.54,-58.85,-56.22,-56,0,0,0,0,0,0,0,0
2021/10/13,16:52:50,-60.58,-58.93,-56.3,-56.09,0,0,0,0,0,0,0,0
2021/10/13,16:52:55,-60.63,-58.99,-56.36,-56.19,0,0,0,0,0,0,0,0
2021/10/13,16:53:00,-60.71,-59.09,-56.44,-56.3,0,0,0,0,0,0,0,0
2021/10/13,16:53:05,-60.79,-59.15,-56.52,-56.37,0,0,0,0,0,0,0,0
2021/10/13,16:53:10,-60.85,-59.23,-56.58,-56.48,0,0,0,0,0,0,0,0
2021/10/13,16:53:15,-60.93,-59.19,-56.54,-56.46,0,0,0,0,0,0,0,0
2021/10/13,16:53:20,-60.96,-59.27,-56.62,-56.56,0,0,0,0,0,0,0,0
2021/10/13,16:53:25,-61.02,-59.35,-56.68,-56.65,0,0,0,0,0,0,0,0
2021/10/13,16:53:30,-61.04,-59.44,-56.76,-56.74,0,0,0,0,0,0,0,0
2021/10/13,16:53:35,-61.17,-59.51,-56.84,-56.84,0,0,0,0,0,0,0,0
2021/10/13,16:53:40,-61.23,-59.59,-56.89,-56.92,0,0,0,0,0,0,0,0
2021/10/13,16:53:45,-61.29,-59.66,-56.96,-57.01,0,0,0,0,0,0,0,0
2021/10/13,16:53:50,-61.39,-59.73,-57.04,-57.1,0,0,0,0,0,0,0,0
2021/10/13,16:53:55,-61.43,-59.81,-57.1,-57.2,0,0,0,0,0,0,0,0
2021/10/13,16:54:00,-61.48,-59.88,-57.18,-57.29,0,0,0,0,0,0,0,0
2021/10/13,16:54:05,-61.55,-59.95,-57.25,-57.37,0,0,0,0,0,0,0,0
2021/10/13,16:54:10,-61.58,-60.03,-57.31,-57.48,0,0,0,0,0,0,0,0
2021/10/13,16:54:15,-61.66,-60.12,-57.39,-57.56,0,0,0,0,0,0,0,0
2021/10/13,16:54:20,-61.72,-60.17,-57.47,-57.65,0,0,0,0,0,0,0,0
2021/10/13,16:54:25,-61.8,-60.25,-57.51,-57.73,0,0,0,0,0,0,0,0
2021/10/13,16:54:30,-61.88,-60.33,-57.59,-57.83,0,0,0,0,0,0,0,0
2021/10/13,16:54:35,-61.96,-60.4,-57.67,-57.92,0,0,0,0,0,0,0,0
2021/10/13,16:54:40,-62.04,-60.48,-57.73,-58,0,0,0,0,0,0,0,0
2021/10/13,16:54:45,-61.99,-60.55,-57.79,-58.08,0,0,0,0,0,0,0,0
2021/10/13,16:54:50,-61.97,-60.61,-57.86,-58.17,0,0,0,0,0,0,0,0
2021/10/13,16:54:55,-62.03,-60.67,-57.92,-58.27,0,0,0,0,0,0,0,0
2021/10/13,16:55:00,-62.11,-60.77,-57.98,-58.34,0,0,0,0,0,0,0,0
2021/10/13,16:55:05,-62.17,-60.81,-58.06,-58.44,0,0,0,0,0,0,0,0
2021/10/13,16:55:10,-62.22,-60.89,-58.12,-58.52,0,0,0,0,0,0,0,0
2021/10/13,16:55:15,-62.27,-60.97,-58.17,-58.61,0,0,0,0,0,0,0,0
2021/10/13,16:55:20,-62.33,-61.02,-58.25,-58.69,0,0,0,0,0,0,0,0
2021/10/13,16:55:25,-62.41,-61.1,-58.31,-58.77,0,0,0,0,0,0,0,0
2021/10/13,16:55:30,-62.46,-61.18,-58.37,-58.85,0,0,0,0,0,0,0,0
2021/10/13,16:55:35,-62.54,-61.22,-58.44,-58.92,0,0,0,0,0,0,0,0
2021/10/13,16:55:40,-62.63,-61.3,-58.5,-59,0,0,0,0,0,0,0,0
2021/10/13,16:55:45,-62.63,-61.38,-58.56,-59.08,0,0,0,0,0,0,0,0
2021/10/13,16:55:50,-62.71,-61.45,-58.63,-59.16,0,0,0,0,0,0,0,0
2021/10/13,16:55:55,-62.77,-61.49,-58.69,-59.25,0,0,0,0,0,0,0,0
2021/10/13,16:56:00,-62.84,-61.57,-58.75,-59.32,0,0,0,0,0,0,0,0
2021/10/13,16:56:05,-62.9,-61.64,-58.81,-59.4,0,0,0,0,0,0,0,0
2021/10/13,16:56:10,-62.9,-61.7,-58.86,-59.48,0,0,0,0,0,0,0,0
2021/10/13,16:56:15,-63,-61.76,-58.92,-59.55,0,0,0,0,0,0,0,0
2021/10/13,16:56:20,-63.04,-61.84,-58.99,-59.65,0,0,0,0,0,0,0,0
2021/10/13,16:56:25,-63.11,-61.89,-59.03,-59.71,0,0,0,0,0,0,0,0
2021/10/13,16:56:30,-63.15,-61.95,-59.1,-59.79,0,0,0,0,0,0,0,0
2021/10/13,16:56:35,-63.26,-61.91,-59.06,-59.77,0,0,0,0,0,0,0,0
2021/10/13,16:56:40,-63.33,-61.98,-59.12,-59.83,0,0,0,0,0,0,0,0
2021/10/13,16:56:45,-63.33,-62.04,-59.17,-59.91,0,0,0,0,0,0,0,0
2021/10/13,16:56:50,-63.41,-62.1,-59.23,-59.99,0,0,0,0,0,0,0,0
2021/10/13,16:56:55,-63.45,-62.17,-59.3,-60.07,0,0,0,0,0,0,0,0
2021/10/13,16:57:00,-63.52,-62.21,-59.36,-60.15,0,0,0,0,0,0,0,0
2021/10/13,16:57:05,-63.55,-62.29,-59.41,-60.21,0,0,0,0,0,0,0,0
2021/10/13,16:57:10,-63.6,-62.36,-59.47,-60.27,0,0,0,0,0,0,0,0
2021/10/13,16:57:15,-63.65,-62.42,-59.53,-60.35,0,0,0,0,0,0,0,0
2021/10/13,16:57:20,-63.72,-62.47,-59.58,-60.43,0,0,0,0,0,0,0,0
2021/10/13,16:57:25,-63.77,-62.55,-59.63,-60.49,0,0,0,0,0,0,0,0
2021/10/13,16:57:30,-63.84,-62.61,-59.69,-60.57,0,0,0,0,0,0,0,0
2021/10/13,16:57:35,-63.9,-62.66,-59.75,-60.65,0,0,0,0,0,0,0,0
2021/10/13,16:57:40,-63.93,-62.72,-59.8,-60.71,0,0,0,0,0,0,0,0
2021/10/13,16:57:45,-63.86,-62.78,-59.86,-60.79,0,0,0,0,0,0,0,0
2021/10/13,16:57:50,-63.86,-62.85,-59.93,-60.87,0,0,0,0,0,0,0,0
2021/10/13,16:57:55,-63.96,-62.9,-59.97,-60.92,0,0,0,0,0,0,0,0
2021/10/13,16:58:00,-64.04,-62.96,-60.02,-61,0,0,0,0,0,0,0,0
2021/10/13,16:58:05,-64.07,-63.02,-60.07,-61.06,0,0,0,0,0,0,0,0
2021/10/13,16:58:10,-64.1,-63.09,-60.13,-61.12,0,0,0,0,0,0,0,0
2021/10/13,16:58:15,-64.12,-63.13,-60.18,-61.19,0,0,0,0,0,0,0,0
2021/10/13,16:58:20,-64.2,-63.06,-60.11,-61.15,0,0,0,0,0,0,0,0
2021/10/13,16:58:25,-64.27,-63.13,-60.16,-61.21,0,0,0,0,0,0,0,0
2021/10/13,16:58:30,-64.31,-63.17,-60.2,-61.26,0,0,0,0,0,0,0,0
2021/10/13,16:58:35,-64.32,-63.22,-60.25,-61.32,0,0,0,0,0,0,0,0
2021/10/13,16:58:40,-64.35,-63.27,-60.3,-61.39,0,0,0,0,0,0,0,0
2021/10/13,16:58:45,-64.43,-63.32,-60.33,-61.45,0,0,0,0,0,0,0,0
2021/10/13,16:58:50,-64.45,-63.38,-60.38,-61.5,0,0,0,0,0,0,0,0
2021/10/13,16:58:55,-64.48,-63.41,-60.44,-61.56,0,0,0,0,0,0,0,0
2021/10/13,16:59:00,-64.53,-63.48,-60.49,-61.64,0,0,0,0,0,0,0,0
2021/10/13,16:59:05,-64.53,-63.52,-60.54,-61.69,0,0,0,0,0,0,0,0
2021/10/13,16:59:10,-64.59,-63.57,-60.57,-61.75,0,0,0,0,0,0,0,0
2021/10/13,16:59:15,-64.66,-63.62,-60.61,-61.81,0,0,0,0,0,0,0,0
2021/10/13,16:59:20,-64.72,-63.67,-60.66,-61.86,0,0,0,0,0,0,0,0
2021/10/13,16:59:25,-64.78,-63.71,-60.72,-61.92,0,0,0,0,0,0,0,0
2021/10/13,16:59:30,-64.78,-63.78,-60.77,-61.99,0,0,0,0,0,0,0,0
2021/10/13,16:59:35,-64.8,-63.82,-60.8,-62.05,0,0,0,0,0,0,0,0
2021/10/13,16:59:40,-64.86,-63.86,-60.85,-62.1,0,0,0,0,0,0,0,0
2021/10/13,16:59:45,-64.89,-63.92,-60.9,-62.16,0,0,0,0,0,0,0,0
2021/10/13,16:59:50,-64.96,-63.97,-60.95,-62.23,0,0,0,0,0,0,0,0
2021/10/13,16:59:55,-64.97,-64,-60.98,-62.29,0,0,0,0,0,0,0,0
2021/10/13,17:00:00,-64.99,-64.05,-61.01,-62.32,0,0,0,0,0,0,0,0
2021/10/13,17:00:05,-64.99,-64.08,-61.04,-62.38,0,0,0,0,0,0,0,0
2021/10/13,17:00:10,-65.04,-64.14,-61.09,-62.43,0,0,0,0,0,0,0,0
2021/10/13,17:00:15,-65.08,-64.19,-61.14,-62.49,0,0,0,0,0,0,0,0
2021/10/13,17:00:20,-65.16,-64.24,-61.18,-62.54,0,0,0,0,0,0,0,0
2021/10/13,17:00:25,-65.18,-64.29,-61.21,-62.59,0,0,0,0,0,0,0,0
2021/10/13,17:00:30,-65.23,-64.32,-61.25,-62.65,0,0,0,0,0,0,0,0
2021/10/13,17:00:35,-65.23,-64.36,-61.31,-62.72,0,0,0,0,0,0,0,0
2021/10/13,17:00:40,-65.31,-64.41,-61.36,-62.76,0,0,0,0,0,0,0,0
2021/10/13,17:00:45,-65.34,-64.46,-61.39,-62.81,0,0,0,0,0,0,0,0
2021/10/13,17:00:50,-65.4,-64.51,-61.43,-62.87,0,0,0,0,0,0,0,0
2021/10/13,17:00:55,-65.4,-64.52,-61.45,-62.92,0,0,0,0,0,0,0,0
2021/10/13,17:01:00,-65.42,-64.57,-61.5,-62.97,0,0,0,0,0,0,0,0
2021/10/13,17:01:05,-65.43,-64.62,-61.55,-63.02,0,0,0,0,0,0,0,0
2021/10/13,17:01:10,-65.48,-64.67,-61.58,-63.06,0,0,0,0,0,0,0,0
2021/10/13,17:01:15,-65.56,-64.71,-61.62,-63.13,0,0,0,0,0,0,0,0
2021/10/13,17:01:20,-65.58,-64.75,-61.66,-63.17,0,0,0,0,0,0,0,0
2021/10/13,17:01:25,-65.58,-64.79,-61.69,-63.22,0,0,0,0,0,0,0,0
2021/10/13,17:01:30,-65.59,-64.83,-61.74,-63.27,0,0,0,0,0,0,0,0
2021/10/13,17:01:35,-65.63,-64.87,-61.77,-63.32,0,0,0,0,0,0,0,0
2021/10/13,17:01:40,-65.71,-64.92,-61.81,-63.38,0,0,0,0,0,0,0,0
2021/10/13,17:01:45,-65.74,-64.95,-61.85,-63.41,0,0,0,0,0,0,0,0
2021/10/13,17:01:50,-65.74,-64.98,-61.88,-63.46,0,0,0,0,0,0,0,0
2021/10/13,17:01:55,-65.74,-65.03,-61.91,-63.52,0,0,0,0,0,0,0,0
2021/10/13,17:02:00,-65.82,-65.08,-61.96,-63.57,0,0,0,0,0,0,0,0
2021/10/13,17:02:05,-65.85,-65.11,-61.99,-63.62,0,0,0,0,0,0,0,0
2021/10/13,17:02:10,-65.88,-65.16,-62.04,-63.67,0,0,0,0,0,0,0,0
2021/10/13,17:02:15,-65.91,-65.19,-62.08,-63.71,0,0,0,0,0,0,0,0
2021/10/13,17:02:20,-65.94,-65.22,-62.1,-63.76,0,0,0,0,0,0,0,0
2021/10/13,17:02:25,-66.02,-65.27,-62.13,-63.82,0,0,0,0,0,0,0,0
2021/10/13,17:02:30,-66.02,-65.3,-62.18,-63.86,0,0,0,0,0,0,0,0
2021/10/13,17:02:35,-66.07,-65.35,-62.21,-63.9,0,0,0,0,0,0,0,0
2021/10/13,17:02:40,-66.1,-65.38,-62.26,-63.95,0,0,0,0,0,0,0,0
2021/10/13,17:02:45,-66.14,-65.41,-62.29,-64.02,0,0,0,0,0,0,0,0
2021/10/13,17:02:50,-66.17,-65.46,-62.32,-64.06,0,0,0,0,0,0,0,0
2021/10/13,17:02:55,-66.2,-65.51,-62.35,-64.09,0,0,0,0,0,0,0,0
2021/10/13,17:03:00,-66.25,-65.54,-62.4,-64.16,0,0,0,0,0,0,0,0
2021/10/13,17:03:05,-66.26,-65.59,-62.43,-64.19,0,0,0,0,0,0,0,0
2021/10/13,17:03:10,-66.29,-65.6,-62.46,-64.24,0,0,0,0,0,0,0,0
2021/10/13,17:03:15,-66.33,-65.64,-62.51,-64.29,0,0,0,0,0,0,0,0
2021/10/13,17:03:20,-66.36,-65.68,-62.53,-64.32,0,0,0,0,0,0,0,0
2021/10/13,17:03:25,-66.37,-65.73,-62.56,-64.36,0,0,0,0,0,0,0,0
2021/10/13,17:03:30,-66.42,-65.76,-62.59,-64.41,0,0,0,0,0,0,0,0
2021/10/13,17:03:35,-66.45,-65.81,-62.64,-64.46,0,0,0,0,0,0,0,0
2021/10/13,17:03:40,-66.45,-65.83,-62.67,-64.51,0,0,0,0,0,0,0,0
2021/10/13,17:03:45,-66.45,-65.88,-62.72,-64.54,0,0,0,0,0,0,0,0
2021/10/13,17:03:50,-66.52,-65.91,-62.75,-64.59,0,0,0,0,0,0,0,0
2021/10/13,17:03:55,-66.55,-65.95,-62.76,-64.63,0,0,0,0,0,0,0,0
2021/10/13,17:04:00,-66.58,-65.99,-62.79,-64.68,0,0,0,0,0,0,0,0
2021/10/13,17:04:05,-66.75,-66.14,-62.83,-64.73,0,0,0,0,0,0,0,0
2021/10/13,17:04:10,-66.76,-66.17,-62.87,-64.76,0,0,0,0,0,0,0,0
2021/10/13,17:04:15,-66.78,-66.22,-62.91,-64.81,0,0,0,0,0,0,0,0
2021/10/13,17:04:20,-66.84,-66.25,-62.94,-64.86,0,0,0,0,0,0,0,0
2021/10/13,17:04:25,-66.86,-66.28,-62.97,-64.9,0,0,0,0,0,0,0,0
2021/10/13,17:04:30,-66.91,-66.31,-63,-64.95,0,0,0,0,0,0,0,0
2021/10/13,17:04:35,-66.94,-66.36,-63.03,-64.98,0,0,0,0,0,0,0,0
2021/10/13,17:04:40,-66.97,-66.39,-63.06,-65.02,0,0,0,0,0,0,0,0
2021/10/13,17:04:45,-66.99,-66.42,-63.11,-65.08,0,0,0,0,0,0,0,0
2021/10/13,17:04:50,-66.99,-66.45,-63.14,-65.13,0,0,0,0,0,0,0,0
2021/10/13,17:04:55,-67.03,-66.49,-63.17,-65.16,0,0,0,0,0,0,0,0
2021/10/13,17:05:00,-67.07,-66.53,-63.19,-65.19,0,0,0,0,0,0,0,0
2021/10/13,17:05:05,-67.1,-66.57,-63.24,-65.24,0,0,0,0,0,0,0,0
2021/10/13,17:05:10,-67.15,-66.61,-63.27,-65.29,0,0,0,0,0,0,0,0
2021/10/13,17:05:15,-67.16,-66.63,-63.3,-65.33,0,0,0,0,0,0,0,0
2021/10/13,17:05:20,-67.21,-66.66,-63.33,-65.37,0,0,0,0,0,0,0,0
2021/10/13,17:05:25,-67.24,-66.71,-63.37,-65.4,0,0,0,0,0,0,0,0
2021/10/13,17:05:30,-67.24,-66.74,-63.4,-65.45,0,0,0,0,0,0,0,0
2021/10/13,17:05:35,-67.26,-66.77,-63.41,-65.49,0,0,0,0,0,0,0,0
2021/10/13,17:05:40,-67.32,-66.81,-63.44,-65.53,0,0,0,0,0,0,0,0
2021/10/13,17:05:45,-67.35,-66.84,-63.49,-65.57,0,0,0,0,0,0,0,0
2021/10/13,17:05:50,-67.4,-66.88,-63.64,-65.72,0,0,0,0,0,0,0,0
2021/10/13,17:05:55,-67.42,-66.9,-63.67,-65.75,0,0,0,0,0,0,0,0
2021/10/13,17:06:00,-67.46,-66.95,-63.69,-65.8,0,0,0,0,0,0,0,0
2021/10/13,17:06:05,-67.48,-66.98,-63.74,-65.83,0,0,0,0,0,0,0,0
2021/10/13,17:06:10,-67.51,-67.01,-63.75,-65.88,0,0,0,0,0,0,0,0
2021/10/13,17:06:15,-67.54,-67.04,-63.78,-65.93,0,0,0,0,0,0,0,0
2021/10/13,17:06:20,-67.58,-67.06,-63.81,-65.96,0,0,0,0,0,0,0,0
2021/10/13,17:06:25,-67.61,-67.11,-63.83,-65.99,0,0,0,0,0,0,0,0
2021/10/13,17:06:30,-67.59,-67.14,-63.86,-66.02,0,0,0,0,0,0,0,0
2021/10/13,17:06:35,-67.64,-67.17,-63.89,-66.07,0,0,0,0,0,0,0,0
2021/10/13,17:06:40,-67.66,-67.2,-63.93,-66.1,0,0,0,0,0,0,0,0
2021/10/13,17:06:45,-67.7,-67.24,-63.96,-66.14,0,0,0,0,0,0,0,0
2021/10/13,17:06:50,-67.72,-67.27,-63.97,-66.17,0,0,0,0,0,0,0,0
2021/10/13,17:06:55,-67.74,-67.28,-64,-66.22,0,0,0,0,0,0,0,0
2021/10/13,17:07:00,-67.8,-67.32,-64.04,-66.25,0,0,0,0,0,0,0,0
2021/10/13,17:07:05,-67.8,-67.35,-64.08,-66.29,0,0,0,0,0,0,0,0
2021/10/13,17:07:10,-67.85,-67.38,-64.1,-66.33,0,0,0,0,0,0,0,0
2021/10/13,17:07:15,-67.9,-67.41,-64.13,-66.36,0,0,0,0,0,0,0,0
2021/10/13,17:07:20,-67.94,-67.46,-64.16,-66.39,0,0,0,0,0,0,0,0
2021/10/13,17:07:25,-67.96,-67.49,-64.18,-66.44,0,0,0,0,0,0,0,0
2021/10/13,17:07:30,-67.96,-67.51,-64.21,-66.47,0,0,0,0,0,0,0,0
2021/10/13,17:07:35,-67.98,-67.54,-64.24,-66.5,0,0,0,0,0,0,0,0
2021/10/13,17:07:40,-67.99,-67.57,-64.27,-66.55,0,0,0,0,0,0,0,0
2021/10/13,17:07:45,-68.02,-67.6,-64.31,-66.58,0,0,0,0,0,0,0,0
2021/10/13,17:07:50,-68.07,-67.64,-64.32,-66.61,0,0,0,0,0,0,0,0
2021/10/13,17:07:55,-68.07,-67.67,-64.35,-66.65,0,0,0,0,0,0,0,0
2021/10/13,17:08:00,-68.07,-67.7,-64.39,-66.68,0,0,0,0,0,0,0,0
2021/10/13,17:08:05,-68.22,-67.83,-64.4,-66.71,0,0,0,0,0,0,0,0
2021/10/13,17:08:10,-68.29,-67.86,-64.43,-66.76,0,0,0,0,0,0,0,0
2021/10/13,17:08:15,-68.33,-67.91,-64.47,-66.79,0,0,0,0,0,0,0,0
2021/10/13,17:08:20,-68.35,-67.93,-64.48,-66.82,0,0,0,0,0,0,0,0
2021/10/13,17:08:25,-68.35,-67.96,-64.51,-66.85,0,0,0,0,0,0,0,0
2021/10/13,17:08:30,-68.38,-67.99,-64.54,-66.88,0,0,0,0,0,0,0,0
2021/10/13,17:08:35,-68.4,-68.02,-64.58,-66.92,0,0,0,0,0,0,0,0
2021/10/13,17:08:40,-68.41,-68.06,-64.59,-66.95,0,0,0,0,0,0,0,0
2021/10/13,17:08:45,-68.45,-68.07,-64.62,-67,0,0,0,0,0,0,0,0
2021/10/13,17:08:50,-68.45,-68.1,-64.64,-67.03,0,0,0,0,0,0,0,0
2021/10/13,17:08:55,-68.51,-68.14,-64.67,-67.04,0,0,0,0,0,0,0,0
2021/10/13,17:09:00,-68.54,-68.17,-64.7,-67.09,0,0,0,0,0,0,0,0
2021/10/13,17:09:05,-68.53,-68.2,-64.72,-67.12,0,0,0,0,0,0,0,0
2021/10/13,17:09:10,-68.57,-68.23,-64.75,-67.16,0,0,0,0,0,0,0,0
2021/10/13,17:09:15,-68.62,-68.25,-64.78,-67.19,0,0,0,0,0,0,0,0
2021/10/13,17:09:20,-68.65,-68.28,-64.81,-67.24,0,0,0,0,0,0,0,0
2021/10/13,17:09:25,-68.65,-68.31,-64.83,-67.27,0,0,0,0,0,0,0,0
2021/10/13,17:09:30,-68.65,-68.33,-64.85,-67.28,0,0,0,0,0,0,0,0
2021/10/13,17:09:35,-68.69,-68.36,-64.86,-67.32,0,0,0,0,0,0,0,0
2021/10/13,17:09:40,-68.72,-68.39,-64.89,-67.33,0,0,0,0,0,0,0,0
2021/10/13,17:09:45,-68.7,-68.41,-64.93,-67.38,0,0,0,0,0,0,0,0
2021/10/13,17:09:50,-68.73,-68.44,-64.96,-67.41,0,0,0,0,0,0,0,0
2021/10/13,17:09:55,-68.77,-68.47,-64.99,-67.44,0,0,0,0,0,0,0,0
2021/10/13,17:10:00,-68.8,-68.49,-65.01,-67.48,0,0,0,0,0,0,0,0
2021/10/13,17:10:05,-68.8,-68.5,-65.02,-67.49,0,0,0,0,0,0,0,0
2021/10/13,17:10:10,-68.85,-68.54,-65.05,-67.52,0,0,0,0,0,0,0,0
2021/10/13,17:10:15,-68.89,-68.57,-65.07,-67.56,0,0,0,0,0,0,0,0
2021/10/13,17:10:20,-69.03,-68.58,-65.08,-67.59,0,0,0,0,0,0,0,0
2021/10/13,17:10:25,-69.03,-68.62,-65.1,-67.62,0,0,0,0,0,0,0,0
2021/10/13,17:10:30,-69.06,-68.65,-65.13,-67.65,0,0,0,0,0,0,0,0
2021/10/13,17:10:35,-69.11,-68.68,-65.16,-67.68,0,0,0,0,0,0,0,0
2021/10/13,17:10:40,-69.11,-68.71,-65.18,-67.72,0,0,0,0,0,0,0,0
2021/10/13,17:10:45,-69.19,-68.73,-65.21,-67.73,0,0,0,0,0,0,0,0
2021/10/13,17:10:50,-69.2,-68.86,-65.36,-67.88,0,0,0,0,0,0,0,0
2021/10/13,17:10:55,-69.24,-68.91,-65.39,-67.91,0,0,0,0,0,0,0,0
2021/10/13,17:11:00,-69.22,-68.93,-65.41,-67.94,0,0,0,0,0,0,0,0
2021/10/13,17:11:05,-69.22,-68.96,-65.42,-67.99,0,0,0,0,0,0,0,0
2021/10/13,17:11:10,-69.25,-68.99,-65.46,-68.02,0,0,0,0,0,0,0,0
2021/10/13,17:11:15,-69.28,-69.02,-65.49,-68.06,0,0,0,0,0,0,0,0
2021/10/13,17:11:20,-69.3,-69.04,-65.5,-68.07,0,0,0,0,0,0,0,0
2021/10/13,17:11:25,-69.32,-69.05,-65.54,-68.1,0,0,0,0,0,0,0,0
2021/10/13,17:11:30,-69.33,-69.1,-65.57,-68.15,0,0,0,0,0,0,0,0
2021/10/13,17:11:35,-69.36,-69.12,-65.58,-68.17,0,0,0,0,0,0,0,0
2021/10/13,17:11:40,-69.38,-69.15,-65.62,-68.2,0,0,0,0,0,0,0,0
2021/10/13,17:11:45,-69.4,-69.2,-65.63,-68.25,0,0,0,0,0,0,0,0
2021/10/13,17:11:50,-69.43,-69.21,-65.66,-68.28,0,0,0,0,0,0,0,0
2021/10/13,17:11:55,-69.46,-69.25,-65.69,-68.3,0,0,0,0,0,0,0,0
2021/10/13,17:12:00,-69.48,-69.28,-65.71,-68.33,0,0,0,0,0,0,0,0
2021/10/13,17:12:05,-69.49,-69.29,-65.74,-68.36,0,0,0,0,0,0,0,0
2021/10/13,17:12:10,-69.52,-69.33,-65.77,-68.39,0,0,0,0,0,0,0,0
2021/10/13,17:12:15,-69.54,-69.36,-65.81,-68.42,0,0,0,0,0,0,0,0
2021/10/13,17:12:20,-69.57,-69.39,-65.84,-68.46,0,0,0,0,0,0,0,0
2021/10/13,17:12:25,-69.59,-69.42,-65.84,-68.49,0,0,0,0,0,0,0,0
2021/10/13,17:12:30,-69.64,-69.45,-65.87,-68.5,0,0,0,0,0,0,0,0
2021/10/13,17:12:35,-69.67,-69.49,-65.9,-68.54,0,0,0,0,0,0,0,0
2021/10/13,17:12:40,-69.68,-69.5,-65.92,-68.57,0,0,0,0,0,0,0,0
2021/10/13,17:12:45,-69.72,-69.53,-65.95,-68.6,0,0,0,0,0,0,0,0
2021/10/13,17:12:50,-69.73,-69.57,-65.98,-68.63,0,0,0,0,0,0,0,0
2021/10/13,17:12:55,-69.75,-69.58,-66.01,-68.66,0,0,0,0,0,0,0,0
2021/10/13,17:13:00,-69.76,-69.63,-66.05,-68.7,0,0,0,0,0,0,0,0
2021/10/13,17:13:05,-69.8,-69.65,-66.06,-68.71,0,0,0,0,0,0,0,0
2021/10/13,17:13:10,-69.83,-69.68,-66.08,-68.74,0,0,0,0,0,0,0,0
2021/10/13,17:13:15,-69.84,-69.73,-66.11,-68.78,0,0,0,0,0,0,0,0
2021/10/13,17:13:20,-69.88,-69.73,-66.12,-68.81,0,0,0,0,0,0,0,0
2021/10/13,17:13:25,-69.91,-69.76,-66.16,-68.84,0,0,0,0,0,0,0,0
2021/10/13,17:13:30,-69.94,-69.79,-66.19,-68.87,0,0,0,0,0,0,0,0
2021/10/13,17:13:35,-69.96,-69.81,-66.2,-68.9,0,0,0,0,0,0,0,0
2021/10/13,17:13:40,-69.97,-69.84,-66.24,-68.92,0,0,0,0,0,0,0,0
2021/10/13,17:13:45,-70,-69.87,-66.27,-68.95,0,0,0,0,0,0,0,0
2021/10/13,17:13:50,-70.04,-69.9,-66.28,-68.98,0,0,0,0,0,0,0,0
2021/10/13,17:13:55,-70.05,-69.92,-66.3,-69,0,0,0,0,0,0,0,0
2021/10/13,17:14:00,-70.09,-69.95,-66.33,-69.03,0,0,0,0,0,0,0,0
2021/10/13,17:14:05,-70.1,-69.97,-66.35,-69.06,0,0,0,0,0,0,0,0
2021/10/13,17:14:10,-70.13,-70,-66.38,-69.1,0,0,0,0,0,0,0,0
2021/10/13,17:14:15,-70.17,-70.03,-66.41,-69.13,0,0,0,0,0,0,0,0
2021/10/13,17:14:20,-70.2,-70.06,-66.43,-69.14,0,0,0,0,0,0,0,0
2021/10/13,17:14:25,-70.2,-70.1,-66.46,-69.16,0,0,0,0,0,0,0,0
2021/10/13,17:14:30,-70.21,-70.13,-66.49,-69.21,0,0,0,0,0,0,0,0
2021/10/13,17:14:35,-70.25,-70.14,-66.51,-69.22,0,0,0,0,0,0,0,0
2021/10/13,17:14:40,-70.28,-70.18,-66.52,-69.26,0,0,0,0,0,0,0,0
2021/10/13,17:14:45,-70.29,-70.18,-66.54,-69.29,0,0,0,0,0,0,0,0
2021/10/13,17:14:50,-70.33,-70.21,-66.57,-69.3,0,0,0,0,0,0,0,0
2021/10/13,17:14:55,-70.34,-70.24,-66.6,-69.34,0,0,0,0,0,0,0,0
2021/10/13,17:15:00,-70.37,-70.27,-66.62,-69.37,0,0,0,0,0,0,0,0
2021/10/13,17:15:05,-70.41,-70.29,-66.65,-69.39,0,0,0,0,0,0,0,0
2021/10/13,17:15:10,-70.42,-70.32,-66.68,-69.42,0,0,0,0,0,0,0,0
2021/10/13,17:15:15,-70.44,-70.35,-66.7,-69.45,0,0,0,0,0,0,0,0
2021/10/13,17:15:20,-70.47,-70.39,-66.73,-69.47,0,0,0,0,0,0,0,0
2021/10/13,17:15:25,-70.5,-70.39,-66.75,-69.5,0,0,0,0,0,0,0,0
2021/10/13,17:15:30,-70.53,-70.42,-66.76,-69.53,0,0,0,0,0,0,0,0
2021/10/13,17:15:35,-70.55,-70.45,-66.78,-69.56,0,0,0,0,0,0,0,0
2021/10/13,17:15:40,-70.58,-70.47,-66.81,-69.58,0,0,0,0,0,0,0,0
2021/10/13,17:15:45,-70.6,-70.5,-66.83,-69.61,0,0,0,0,0,0,0,0
2021/10/13,17:15:50,-70.63,-70.53,-66.86,-69.63,0,0,0,0,0,0,0,0
2021/10/13,17:15:55,-70.65,-70.55,-66.87,-69.66,0,0,0,0,0,0,0,0
2021/10/13,17:16:00,-70.68,-70.58,-66.91,-69.69,0,0,0,0,0,0,0,0
2021/10/13,17:16:05,-70.7,-70.61,-66.94,-69.71,0,0,0,0,0,0,0,0
2021/10/13,17:16:10,-70.73,-70.61,-66.94,-69.74,0,0,0,0,0,0,0,0
2021/10/13,17:16:15,-70.74,-70.64,-66.97,-69.77,0,0,0,0,0,0,0,0
2021/10/13,17:16:20,-70.78,-70.67,-67,-69.8,0,0,0,0,0,0,0,0
2021/10/13,17:16:25,-70.79,-70.71,-67.02,-69.82,0,0,0,0,0,0,0,0
2021/10/13,17:16:30,-70.82,-70.72,-67.03,-69.83,0,0,0,0,0,0,0,0
2021/10/13,17:16:35,-70.74,-70.64,-67.07,-69.87,0,0,0,0,0,0,0,0
2021/10/13,17:16:40,-70.75,-70.65,-67.08,-69.88,0,0,0,0,0,0,0,0
2021/10/13,17:16:45,-70.77,-70.68,-67.11,-69.91,0,0,0,0,0,0,0,0
2021/10/13,17:16:50,-70.79,-70.7,-67.13,-69.95,0,0,0,0,0,0,0,0
2021/10/13,17:16:55,-70.82,-70.72,-67.15,-69.96,0,0,0,0,0,0,0,0
2021/10/13,17:17:00,-70.83,-70.75,-67.16,-69.99,0,0,0,0,0,0,0,0
2021/10/13,17:17:05,-70.88,-70.77,-67.19,-70.03,0,0,0,0,0,0,0,0
2021/10/13,17:17:10,-70.9,-70.8,-67.21,-70.04,0,0,0,0,0,0,0,0
2021/10/13,17:17:15,-70.92,-70.81,-67.23,-70.06,0,0,0,0,0,0,0,0
2021/10/13,17:17:20,-70.95,-70.85,-67.26,-70.09,0,0,0,0,0,0,0,0
2021/10/13,17:17:25,-70.96,-70.88,-67.27,-70.12,0,0,0,0,0,0,0,0
2021/10/13,17:17:30,-70.98,-70.89,-67.31,-70.14,0,0,0,0,0,0,0,0
2021/10/13,17:17:35,-71,-70.91,-67.32,-70.17,0,0,0,0,0,0,0,0
2021/10/13,17:17:40,-71.03,-70.94,-67.35,-70.2,0,0,0,0,0,0,0,0
2021/10/13,17:17:45,-71.06,-70.96,-67.39,-70.22,0,0,0,0,0,0,0,0
2021/10/13,17:17:50,-71.08,-70.97,-67.39,-70.25,0,0,0,0,0,0,0,0
2021/10/13,17:17:55,-71.11,-71.01,-67.4,-70.27,0,0,0,0,0,0,0,0
2021/10/13,17:18:00,-71.14,-71.02,-67.43,-70.3,0,0,0,0,0,0,0,0
2021/10/13,17:18:05,-71.16,-71.05,-67.45,-70.32,0,0,0,0,0,0,0,0
2021/10/13,17:18:10,-71.17,-71.07,-67.46,-70.35,0,0,0,0,0,0,0,0
2021/10/13,17:18:15,-71.19,-71.1,-67.5,-70.36,0,0,0,0,0,0,0,0
2021/10/13,17:18:20,-71.2,-71.12,-67.51,-70.4,0,0,0,0,0,0,0,0
2021/10/13,17:18:25,-71.24,-71.15,-67.54,-70.43,0,0,0,0,0,0,0,0
2021/10/13,17:18:30,-71.25,-71.17,-67.56,-70.44,0,0,0,0,0,0,0,0
2021/10/13,17:18:35,-71.28,-71.18,-67.58,-70.48,0,0,0,0,0,0,0,0
2021/10/13,17:18:40,-71.32,-71.22,-67.61,-70.49,0,0,0,0,0,0,0,0
2021/10/13,17:18:45,-71.33,-71.22,-67.61,-70.51,0,0,0,0,0,0,0,0
2021/10/13,17:18:50,-71.35,-71.25,-67.62,-70.52,0,0,0,0,0,0,0,0
2021/10/13,17:18:55,-71.38,-71.28,-67.66,-70.56,0,0,0,0,0,0,0,0
2021/10/13,17:19:00,-71.4,-71.3,-67.67,-70.59,0,0,0,0,0,0,0,0
2021/10/13,17:19:05,-71.41,-71.33,-67.7,-70.62,0,0,0,0,0,0,0,0
2021/10/13,17:19:10,-71.43,-71.34,-67.72,-70.64,0,0,0,0,0,0,0,0
2021/10/13,17:19:15,-71.46,-71.38,-67.74,-70.67,0,0,0,0,0,0,0,0
2021/10/13,17:19:20,-71.48,-71.39,-67.77,-70.68,0,0,0,0,0,0,0,0
2021/10/13,17:19:25,-71.49,-71.41,-67.78,-70.72,0,0,0,0,0,0,0,0
2021/10/13,17:19:30,-71.51,-71.42,-67.8,-70.73,0,0,0,0,0,0,0,0
2021/10/13,17:19:35,-71.54,-71.46,-67.83,-70.75,0,0,0,0,0,0,0,0
2021/10/13,17:19:40,-71.57,-71.47,-67.83,-70.78,0,0,0,0,0,0,0,0
2021/10/13,17:19:45,-71.59,-71.49,-67.85,-70.8,0,0,0,0,0,0,0,0
2021/10/13,17:19:50,-71.62,-71.52,-67.88,-70.83,0,0,0,0,0,0,0,0
2021/10/13,17:19:55,-71.64,-71.54,-67.9,-70.85,0,0,0,0,0,0,0,0
2021/10/13,17:20:00,-71.67,-71.57,-67.93,-70.88,0,0,0,0,0,0,0,0
2021/10/13,17:20:05,-71.69,-71.59,-67.94,-70.89,0,0,0,0,0,0,0,0
2021/10/13,17:20:10,-71.7,-71.62,-67.96,-70.93,0,0,0,0,0,0,0,0
2021/10/13,17:20:15,-71.74,-71.62,-67.98,-70.94,0,0,0,0,0,0,0,0
2021/10/13,17:20:20,-71.62,-71.63,-68.01,-70.96,0,0,0,0,0,0,0,0
2021/10/13,17:20:25,-71.63,-71.67,-68.02,-70.99,0,0,0,0,0,0,0,0
2021/10/13,17:20:30,-71.67,-71.68,-68.04,-71.01,0,0,0,0,0,0,0,0
2021/10/13,17:20:35,-71.7,-71.71,-68.06,-71.04,0,0,0,0,0,0,0,0
2021/10/13,17:20:40,-71.71,-71.73,-68.07,-71.05,0,0,0,0,0,0,0,0
2021/10/13,17:20:45,-71.73,-71.75,-68.09,-71.09,0,0,0,0,0,0,0,0
2021/10/13,17:20:50,-71.75,-71.78,-68.1,-71.1,0,0,0,0,0,0,0,0
2021/10/13,17:20:55,-71.76,-71.79,-68.14,-71.14,0,0,0,0,0,0,0,0
2021/10/13,17:21:00,-71.79,-71.83,-68.15,-71.15,0,0,0,0,0,0,0,0
2021/10/13,17:21:05,-71.83,-71.83,-68.17,-71.17,0,0,0,0,0,0,0,0
2021/10/13,17:21:10,-71.86,-71.84,-68.2,-71.2,0,0,0,0,0,0,0,0
2021/10/13,17:21:15,-71.88,-71.88,-68.22,-71.22,0,0,0,0,0,0,0,0
2021/10/13,17:21:20,-71.89,-71.89,-68.23,-71.23,0,0,0,0,0,0,0,0
2021/10/13,17:21:25,-71.91,-71.92,-68.26,-71.26,0,0,0,0,0,0,0,0
2021/10/13,17:21:30,-71.94,-71.94,-68.28,-71.28,0,0,0,0,0,0,0,0
2021/10/13,17:21:35,-71.97,-71.97,-68.28,-71.31,0,0,0,0,0,0,0,0
2021/10/13,17:21:40,-71.97,-71.99,-68.3,-71.33,0,0,0,0,0,0,0,0
2021/10/13,17:21:45,-71.99,-72,-68.33,-71.36,0,0,0,0,0,0,0,0
2021/10/13,17:21:50,-72.02,-72.04,-68.34,-71.38,0,0,0,0,0,0,0,0
2021/10/13,17:21:55,-72.02,-71.93,-68.24,-71.27,0,0,0,0,0,0,0,0
2021/10/13,17:22:00,-72.05,-71.93,-68.26,-71.29,0,0,0,0,0,0,0,0
2021/10/13,17:22:05,-72.08,-71.97,-68.29,-71.32,0,0,0,0,0,0,0,0
2021/10/13,17:22:10,-72.1,-71.98,-68.31,-71.34,0,0,0,0,0,0,0,0
2021/10/13,17:22:15,-72.13,-72,-68.32,-71.37,0,0,0,0,0,0,0,0
2021/10/13,17:22:20,-72.15,-72.01,-68.35,-71.39,0,0,0,0,0,0,0,0
2021/10/13,17:22:25,-72.17,-72.05,-68.37,-71.42,0,0,0,0,0,0,0,0
2021/10/13,17:22:30,-72.18,-72.06,-68.37,-71.44,0,0,0,0,0,0,0,0
2021/10/13,17:22:35,-72.2,-72.1,-68.39,-71.47,0,0,0,0,0,0,0,0
2021/10/13,17:22:40,-72.21,-72.11,-68.4,-71.48,0,0,0,0,0,0,0,0
2021/10/13,17:22:45,-72.23,-72.13,-68.43,-71.5,0,0,0,0,0,0,0,0
2021/10/13,17:22:50,-72.26,-72.16,-68.45,-71.52,0,0,0,0,0,0,0,0
2021/10/13,17:22:55,-72.28,-72.16,-68.47,-71.53,0,0,0,0,0,0,0,0
2021/10/13,17:23:00,-72.31,-72.19,-68.48,-71.56,0,0,0,0,0,0,0,0
2021/10/13,17:23:05,-72.33,-72.21,-68.51,-71.6,0,0,0,0,0,0,0,0
2021/10/13,17:23:10,-72.34,-72.22,-68.53,-71.61,0,0,0,0,0,0,0,0
2021/10/13,17:23:15,-72.37,-72.26,-68.55,-71.63,0,0,0,0,0,0,0,0
2021/10/13,17:23:20,-72.39,-72.27,-68.56,-71.66,0,0,0,0,0,0,0,0
2021/10/13,17:23:25,-72.41,-72.29,-68.59,-71.68,0,0,0,0,0,0,0,0
2021/10/13,17:23:30,-72.29,-72.32,-68.59,-71.69,0,0,0,0,0,0,0,0
2021/10/13,17:23:35,-72.32,-72.34,-68.61,-71.71,0,0,0,0,0,0,0,0
2021/10/13,17:23:40,-72.35,-72.35,-68.63,-71.73,0,0,0,0,0,0,0,0
2021/10/13,17:23:45,-72.35,-72.37,-68.64,-71.76,0,0,0,0,0,0,0,0
2021/10/13,17:23:50,-72.39,-72.27,-68.56,-71.66,0,0,0,0,0,0,0,0
2021/10/13,17:23:55,-72.4,-72.28,-68.57,-71.67,0,0,0,0,0,0,0,0
2021/10/13,17:24:00,-72.43,-72.3,-68.59,-71.7,0,0,0,0,0,0,0,0
2021/10/13,17:24:05,-72.45,-72.32,-68.61,-71.72,0,0,0,0,0,0,0,0
2021/10/13,17:24:10,-72.47,-72.35,-68.62,-71.75,0,0,0,0,0,0,0,0
2021/10/13,17:24:15,-72.5,-72.36,-68.65,-71.78,0,0,0,0,0,0,0,0
2021/10/13,17:24:20,-72.51,-72.38,-68.67,-71.8,0,0,0,0,0,0,0,0
2021/10/13,17:24:25,-72.51,-72.4,-68.69,-71.82,0,0,0,0,0,0,0,0
2021/10/13,17:24:30,-72.55,-72.43,-68.7,-71.82,0,0,0,0,0,0,0,0
2021/10/13,17:24:35,-72.58,-72.44,-68.7,-71.85,0,0,0,0,0,0,0,0
2021/10/13,17:24:40,-72.58,-72.46,-68.72,-71.86,0,0,0,0,0,0,0,0

É}Å[ÉJÉäÉXÉg
ì˙ït,éûçè,É}Å[ÉJÉeÉLÉXÉg
