,時刻,K [ﾟC],WT [ﾟC],MG [ﾟC],SC [ﾟC],No5 [V],No6 [V],No7 [V],No8 [V],No9 [V],No10 [V],No11 [V],No12 [V]
2021/10/13,13:26:00,19.46,20.81,20.85,20.7,0,0,0,0,0,0,0,0
2021/10/13,13:26:05,19.49,20.81,20.84,20.69,0,0,0,0,0,0,0,0
2021/10/13,13:26:10,13.56,20.79,20.83,20.69,0,0,0,0,0,0,0,0
2021/10/13,13:26:15,-0.52,20.71,20.73,20.63,0,0,0,0,0,0,0,0
2021/10/13,13:26:20,-6.75,20.66,20.66,20.58,0,0,0,0,0,0,0,0
2021/10/13,13:26:25,-11.2,20.56,20.59,20.55,0,0,0,0,0,0,0,0
2021/10/13,13:26:30,-13.86,20.3,20.39,20.54,0,0,0,0,0,0,0,0
2021/10/13,13:26:35,-15.29,20.03,20.1,20.48,0,0,0,0,0,0,0,0
2021/10/13,13:26:40,-16.21,19.75,19.8,20.44,0,0,0,0,0,0,0,0
2021/10/13,13:26:45,-17.02,19.45,19.48,20.35,0,0,0,0,0,0,0,0
2021/10/13,13:26:50,-17.24,19.27,19.2,20.22,0,0,0,0,0,0,0,0
2021/10/13,13:26:55,-16.95,18.96,18.88,20.07,0,0,0,0,0,0,0,0
2021/10/13,13:27:00,-17.01,18.66,18.59,19.91,0,0,0,0,0,0,0,0
2021/10/13,13:27:05,-17.5,18.32,18.28,19.69,0,0,0,0,0,0,0,0
2021/10/13,13:27:10,-17.31,17.98,17.98,19.5,0,0,0,0,0,0,0,0
2021/10/13,13:27:15,-17.5,17.66,17.66,19.28,0,0,0,0,0,0,0,0
2021/10/13,13:27:20,-17.89,17.33,17.35,19.05,0,0,0,0,0,0,0,0
2021/10/13,13:27:25,-17.85,16.98,17.03,18.79,0,0,0,0,0,0,0,0
2021/10/13,13:27:30,-18.53,16.67,16.74,18.53,0,0,0,0,0,0,0,0
2021/10/13,13:27:35,-18.31,16.34,16.41,18.26,0,0,0,0,0,0,0,0
2021/10/13,13:27:40,-18.54,16.02,16.11,17.98,0,0,0,0,0,0,0,0
2021/10/13,13:27:45,-18.95,15.71,15.81,17.7,0,0,0,0,0,0,0,0
2021/10/13,13:27:50,-19.18,15.4,15.49,17.41,0,0,0,0,0,0,0,0
2021/10/13,13:27:55,-19.34,15.07,15.18,17.14,0,0,0,0,0,0,0,0
2021/10/13,13:28:00,-19.19,14.77,14.86,16.85,0,0,0,0,0,0,0,0
2021/10/13,13:28:05,-19.51,14.45,14.56,16.55,0,0,0,0,0,0,0,0
2021/10/13,13:28:10,-19.89,14.15,14.24,16.23,0,0,0,0,0,0,0,0
2021/10/13,13:28:15,-19.71,13.83,13.91,15.96,0,0,0,0,0,0,0,0
2021/10/13,13:28:20,-19.84,13.53,13.61,15.66,0,0,0,0,0,0,0,0
2021/10/13,13:28:25,-20.12,13.23,13.31,15.36,0,0,0,0,0,0,0,0
2021/10/13,13:28:30,-20.18,12.91,12.99,15.05,0,0,0,0,0,0,0,0
2021/10/13,13:28:35,-20.29,12.58,12.68,14.75,0,0,0,0,0,0,0,0
2021/10/13,13:28:40,-20.12,12.29,12.36,14.46,0,0,0,0,0,0,0,0
2021/10/13,13:28:45,-20.77,11.97,12.04,14.15,0,0,0,0,0,0,0,0
2021/10/13,13:28:50,-21.05,11.66,11.75,13.85,0,0,0,0,0,0,0,0
2021/10/13,13:28:55,-20.52,11.37,11.42,13.54,0,0,0,0,0,0,0,0
2021/10/13,13:29:00,-20.36,11.05,11.12,13.25,0,0,0,0,0,0,0,0
2021/10/13,13:29:05,-20.52,10.75,10.82,12.95,0,0,0,0,0,0,0,0
2021/10/13,13:29:10,-21.12,10.46,10.49,12.65,0,0,0,0,0,0,0,0
2021/10/13,13:29:15,-21.25,10.14,10.17,12.36,0,0,0,0,0,0,0,0
2021/10/13,13:29:20,-20.6,9.85,9.83,12.04,0,0,0,0,0,0,0,0
2021/10/13,13:29:25,-21.19,9.55,9.44,11.74,0,0,0,0,0,0,0,0
2021/10/13,13:29:30,-21.61,9.25,8.96,11.45,0,0,0,0,0,0,0,0
2021/10/13,13:29:35,-21.95,8.96,8.37,11.15,0,0,0,0,0,0,0,0
2021/10/13,13:29:40,-21.92,8.7,7.61,10.85,0,0,0,0,0,0,0,0
2021/10/13,13:29:45,-21.69,8.41,6.77,10.56,0,0,0,0,0,0,0,0
2021/10/13,13:29:50,-22.04,8.16,5.95,10.27,0,0,0,0,0,0,0,0
2021/10/13,13:29:55,-21.89,7.9,5.25,9.98,0,0,0,0,0,0,0,0
2021/10/13,13:30:00,-22.12,7.65,4.63,9.68,0,0,0,0,0,0,0,0
2021/10/13,13:30:05,-21.73,7.41,4.13,9.39,0,0,0,0,0,0,0,0
2021/10/13,13:30:10,-22.25,7.21,3.7,9.08,0,0,0,0,0,0,0,0
2021/10/13,13:30:15,-22.09,6.99,3.38,8.78,0,0,0,0,0,0,0,0
2021/10/13,13:30:20,-21.93,6.77,3.13,8.5,0,0,0,0,0,0,0,0
2021/10/13,13:30:25,-22.04,6.57,2.93,8.19,0,0,0,0,0,0,0,0
2021/10/13,13:30:30,-21.48,6.35,2.65,7.9,0,0,0,0,0,0,0,0
2021/10/13,13:30:35,-21.34,6.13,2.21,7.61,0,0,0,0,0,0,0,0
2021/10/13,13:30:40,-21.6,5.88,1.65,7.32,0,0,0,0,0,0,0,0
2021/10/13,13:30:45,-21.41,5.62,1.14,7.04,0,0,0,0,0,0,0,0
2021/10/13,13:30:50,-21.63,5.32,0.72,6.75,0,0,0,0,0,0,0,0
2021/10/13,13:30:55,-21.67,5.03,0.41,6.48,0,0,0,0,0,0,0,0
2021/10/13,13:31:00,-21.58,4.71,0.13,6.21,0,0,0,0,0,0,0,0
2021/10/13,13:31:05,-21.44,4.38,-0.12,5.97,0,0,0,0,0,0,0,0
2021/10/13,13:31:10,-21.69,4.07,-0.36,5.7,0,0,0,0,0,0,0,0
2021/10/13,13:31:15,-21.42,3.77,-0.59,5.47,0,0,0,0,0,0,0,0
2021/10/13,13:31:20,-21.29,3.46,-0.84,5.23,0,0,0,0,0,0,0,0
2021/10/13,13:31:25,-21.22,3.2,-1.08,5,0,0,0,0,0,0,0,0
2021/10/13,13:31:30,-21.23,2.93,-1.32,4.78,0,0,0,0,0,0,0,0
2021/10/13,13:31:35,-21.29,2.7,-1.59,4.57,0,0,0,0,0,0,0,0
2021/10/13,13:31:40,-21.27,2.5,-1.87,4.36,0,0,0,0,0,0,0,0
2021/10/13,13:31:45,-21.48,2.33,-2.16,4.16,0,0,0,0,0,0,0,0
2021/10/13,13:31:50,-21.41,2.21,-2.44,3.96,0,0,0,0,0,0,0,0
2021/10/13,13:31:55,-21.55,2.1,-2.73,3.78,0,0,0,0,0,0,0,0
2021/10/13,13:32:00,-21.75,1.98,-3.01,3.6,0,0,0,0,0,0,0,0
2021/10/13,13:32:05,-21.86,1.89,-3.28,3.42,0,0,0,0,0,0,0,0
2021/10/13,13:32:10,-22.07,1.8,-3.56,3.26,0,0,0,0,0,0,0,0
2021/10/13,13:32:15,-22.31,1.71,-3.86,3.11,0,0,0,0,0,0,0,0
2021/10/13,13:32:20,-22.22,1.64,-4.11,2.94,0,0,0,0,0,0,0,0
2021/10/13,13:32:25,-22.63,1.54,-4.37,2.79,0,0,0,0,0,0,0,0
2021/10/13,13:32:30,-22.85,1.47,-4.64,2.62,0,0,0,0,0,0,0,0
2021/10/13,13:32:35,-22.74,1.39,-4.89,2.48,0,0,0,0,0,0,0,0
2021/10/13,13:32:40,-22.73,1.31,-5.13,2.34,0,0,0,0,0,0,0,0
2021/10/13,13:32:45,-22.98,1.24,-5.37,2.22,0,0,0,0,0,0,0,0
2021/10/13,13:32:50,-23.07,1.17,-5.62,2.07,0,0,0,0,0,0,0,0
2021/10/13,13:32:55,-23.09,1.08,-5.86,1.94,0,0,0,0,0,0,0,0
2021/10/13,13:33:00,-23.53,1.03,-6.12,1.83,0,0,0,0,0,0,0,0
2021/10/13,13:33:05,-23.58,0.95,-6.37,1.69,0,0,0,0,0,0,0,0
2021/10/13,13:33:10,-23.63,0.89,-6.63,1.58,0,0,0,0,0,0,0,0
2021/10/13,13:33:15,-23.53,0.82,-6.87,1.47,0,0,0,0,0,0,0,0
2021/10/13,13:33:20,-23.67,0.75,-7.13,1.38,0,0,0,0,0,0,0,0
2021/10/13,13:33:25,-24.42,0.7,-7.39,1.28,0,0,0,0,0,0,0,0
2021/10/13,13:33:30,-24.19,0.63,-7.61,1.17,0,0,0,0,0,0,0,0
2021/10/13,13:33:35,-24.07,0.67,-7.76,1.19,0,0,0,0,0,0,0,0
2021/10/13,13:33:40,-25.12,0.62,-8.02,1.09,0,0,0,0,0,0,0,0
2021/10/13,13:33:45,-25.09,0.56,-8.26,0.99,0,0,0,0,0,0,0,0
2021/10/13,13:33:50,-25.21,0.52,-8.48,0.91,0,0,0,0,0,0,0,0
2021/10/13,13:33:55,-26.25,0.48,-8.72,0.83,0,0,0,0,0,0,0,0
2021/10/13,13:34:00,-26.36,0.42,-8.96,0.76,0,0,0,0,0,0,0,0
2021/10/13,13:34:05,-26.31,0.4,-9.22,0.67,0,0,0,0,0,0,0,0
2021/10/13,13:34:10,-26.4,0.36,-9.46,0.6,0,0,0,0,0,0,0,0
2021/10/13,13:34:15,-26.58,0.31,-9.67,0.54,0,0,0,0,0,0,0,0
2021/10/13,13:34:20,-27.08,0.27,-9.91,0.47,0,0,0,0,0,0,0,0
2021/10/13,13:34:25,-27.12,0.24,0.36,0.41,0,0,0,0,0,0,0,0
2021/10/13,13:34:30,-26.39,0.23,0.36,0.34,0,0,0,0,0,0,0,0
2021/10/13,13:34:35,-26.03,0.19,0.34,0.29,0,0,0,0,0,0,0,0
2021/10/13,13:34:40,-26.31,0.18,0.34,0.23,0,0,0,0,0,0,0,0
2021/10/13,13:34:45,-26.53,0.15,0.33,0.19,0,0,0,0,0,0,0,0
2021/10/13,13:34:50,-26.43,0.11,0.34,0.12,0,0,0,0,0,0,0,0
2021/10/13,13:34:55,-26.52,0.08,0.33,0.06,0,0,0,0,0,0,0,0
2021/10/13,13:35:00,-26.81,0.06,0.33,0.04,0,0,0,0,0,0,0,0
2021/10/13,13:35:05,-26.72,0.05,0.33,0,0,0,0,0,0,0,0,0
2021/10/13,13:35:10,-26.91,0.04,0.31,-0.05,0,0,0,0,0,0,0,0
2021/10/13,13:35:15,-27.4,0.02,0.34,-0.1,0,0,0,0,0,0,0,0
2021/10/13,13:35:20,-27.33,0.01,0.33,-0.14,0,0,0,0,0,0,0,0
2021/10/13,13:35:25,-27.28,-0.02,0.33,-0.16,0,0,0,0,0,0,0,0
2021/10/13,13:35:30,-27.5,-0.05,0.31,-0.2,0,0,0,0,0,0,0,0
2021/10/13,13:35:35,-28.37,-0.06,0.33,-0.23,0,0,0,0,0,0,0,0
2021/10/13,13:35:40,-28.05,-0.09,0.33,-0.25,0,0,0,0,0,0,0,0
2021/10/13,13:35:45,-28.48,-0.1,0.3,-0.3,0,0,0,0,0,0,0,0
2021/10/13,13:35:50,-28.92,-0.12,0.3,-0.32,0,0,0,0,0,0,0,0
2021/10/13,13:35:55,-28.54,-0.13,0.3,-0.35,0,0,0,0,0,0,0,0
2021/10/13,13:36:00,-28.76,-0.14,0.3,-0.36,0,0,0,0,0,0,0,0
2021/10/13,13:36:05,-29.23,-0.16,0.3,-0.39,0,0,0,0,0,0,0,0
2021/10/13,13:36:10,-29.22,-0.06,0.4,-0.32,0,0,0,0,0,0,0,0
2021/10/13,13:36:15,-28.98,-0.07,0.4,-0.35,0,0,0,0,0,0,0,0
2021/10/13,13:36:20,-28.99,-0.08,0.4,-0.36,0,0,0,0,0,0,0,0
2021/10/13,13:36:25,-28.95,-0.08,0.4,-0.39,0,0,0,0,0,0,0,0
2021/10/13,13:36:30,-28.73,-0.08,0.39,-0.4,0,0,0,0,0,0,0,0
2021/10/13,13:36:35,-28.62,-0.1,0.4,-0.43,0,0,0,0,0,0,0,0
2021/10/13,13:36:40,-29.2,-0.11,0.39,-0.44,0,0,0,0,0,0,0,0
2021/10/13,13:36:45,-29.28,-0.11,0.39,-0.44,0,0,0,0,0,0,0,0
2021/10/13,13:36:50,-29.5,-0.12,0.37,-0.47,0,0,0,0,0,0,0,0
2021/10/13,13:36:55,-29.33,-0.14,0.39,-0.48,0,0,0,0,0,0,0,0
2021/10/13,13:37:00,-29.44,-0.15,0.37,-0.5,0,0,0,0,0,0,0,0
2021/10/13,13:37:05,-29.76,-0.17,0.37,-0.5,0,0,0,0,0,0,0,0
2021/10/13,13:37:10,-30.15,-0.18,0.37,-0.51,0,0,0,0,0,0,0,0
2021/10/13,13:37:15,-30.06,-0.18,0.37,-0.51,0,0,0,0,0,0,0,0
2021/10/13,13:37:20,-29.7,-0.19,0.37,-0.51,0,0,0,0,0,0,0,0
2021/10/13,13:37:25,-30.06,-0.19,0.37,-0.53,0,0,0,0,0,0,0,0
2021/10/13,13:37:30,-30.55,-0.21,0.37,-0.53,0,0,0,0,0,0,0,0
2021/10/13,13:37:35,-30.47,-0.22,0.37,-0.53,0,0,0,0,0,0,0,0
2021/10/13,13:37:40,-30.37,-0.22,0.37,-0.53,0,0,0,0,0,0,0,0
2021/10/13,13:37:45,-29.68,-0.24,0.37,-0.54,0,0,0,0,0,0,0,0
2021/10/13,13:37:50,-30.1,-0.24,0.36,-0.54,0,0,0,0,0,0,0,0
2021/10/13,13:37:55,-30.34,-0.25,0.37,-0.54,0,0,0,0,0,0,0,0
2021/10/13,13:38:00,-30.16,-0.24,0.36,-0.54,0,0,0,0,0,0,0,0
2021/10/13,13:38:05,-30.47,-0.25,0.36,-0.54,0,0,0,0,0,0,0,0
2021/10/13,13:38:10,-30.31,-0.25,0.36,-0.55,0,0,0,0,0,0,0,0
2021/10/13,13:38:15,-30.32,-0.25,0.36,-0.55,0,0,0,0,0,0,0,0
2021/10/13,13:38:20,-30.57,-0.25,0.35,-0.57,0,0,0,0,0,0,0,0
2021/10/13,13:38:25,-31,-0.25,0.35,-0.58,0,0,0,0,0,0,0,0
2021/10/13,13:38:30,-30.57,-0.25,0.35,-0.58,0,0,0,0,0,0,0,0
2021/10/13,13:38:35,-30.34,-0.26,0.35,-0.58,0,0,0,0,0,0,0,0
2021/10/13,13:38:40,-30.29,-0.26,0.35,-0.58,0,0,0,0,0,0,0,0
2021/10/13,13:38:45,-29.95,-0.26,0.35,-0.58,0,0,0,0,0,0,0,0
2021/10/13,13:38:50,-30.46,-0.26,0.36,-0.57,0,0,0,0,0,0,0,0
2021/10/13,13:38:55,-30.54,-0.25,0.36,-0.58,0,0,0,0,0,0,0,0
2021/10/13,13:39:00,-30.74,-0.26,0.36,-0.58,0,0,0,0,0,0,0,0
2021/10/13,13:39:05,-30.8,-0.26,0.36,-0.58,0,0,0,0,0,0,0,0
2021/10/13,13:39:10,-30.93,-0.25,0.36,-0.58,0,0,0,0,0,0,0,0
2021/10/13,13:39:15,-31,-0.26,0.36,-0.58,0,0,0,0,0,0,0,0
2021/10/13,13:39:20,-31.24,-0.26,0.36,-0.6,0,0,0,0,0,0,0,0
2021/10/13,13:39:25,-30.93,-0.25,0.37,-0.58,0,0,0,0,0,0,0,0
2021/10/13,13:39:30,-31.2,-0.25,0.36,-0.58,0,0,0,0,0,0,0,0
2021/10/13,13:39:35,-31.36,-0.25,0.37,-0.57,0,0,0,0,0,0,0,0
2021/10/13,13:39:40,-31.23,-0.25,0.37,-0.58,0,0,0,0,0,0,0,0
2021/10/13,13:39:45,-31.21,-0.25,0.37,-0.58,0,0,0,0,0,0,0,0
2021/10/13,13:39:50,-30.75,-0.25,0.39,-0.58,0,0,0,0,0,0,0,0
2021/10/13,13:39:55,-30.5,-0.25,0.39,-0.58,0,0,0,0,0,0,0,0
2021/10/13,13:40:00,-30.74,-0.24,0.39,-0.57,0,0,0,0,0,0,0,0
2021/10/13,13:40:05,-31.29,-0.24,0.39,-0.57,0,0,0,0,0,0,0,0
2021/10/13,13:40:10,-31.23,-0.22,0.4,-0.57,0,0,0,0,0,0,0,0
2021/10/13,13:40:15,-31.11,-0.22,0.4,-0.57,0,0,0,0,0,0,0,0
2021/10/13,13:40:20,-31.87,-0.22,0.42,-0.55,0,0,0,0,0,0,0,0
2021/10/13,13:40:25,-32.21,-0.21,0.42,-0.55,0,0,0,0,0,0,0,0
2021/10/13,13:40:30,-31.72,-0.19,0.43,-0.55,0,0,0,0,0,0,0,0
2021/10/13,13:40:35,-31.82,-0.21,0.43,-0.55,0,0,0,0,0,0,0,0
2021/10/13,13:40:40,-31.96,-0.19,0.44,-0.55,0,0,0,0,0,0,0,0
2021/10/13,13:40:45,-31.94,-0.19,0.44,-0.54,0,0,0,0,0,0,0,0
2021/10/13,13:40:50,-31.9,-0.19,0.46,-0.53,0,0,0,0,0,0,0,0
2021/10/13,13:40:55,-31.6,-0.18,0.46,-0.54,0,0,0,0,0,0,0,0
2021/10/13,13:41:00,-31.44,-0.17,0.47,-0.53,0,0,0,0,0,0,0,0
2021/10/13,13:41:05,-31.76,-0.17,0.47,-0.53,0,0,0,0,0,0,0,0
2021/10/13,13:41:10,-31.99,-0.15,0.48,-0.51,0,0,0,0,0,0,0,0
2021/10/13,13:41:15,-31.93,-0.15,0.48,-0.51,0,0,0,0,0,0,0,0
2021/10/13,13:41:20,-32.09,-0.15,0.47,-0.51,0,0,0,0,0,0,0,0
2021/10/13,13:41:25,-32.55,-0.14,0.48,-0.5,0,0,0,0,0,0,0,0
2021/10/13,13:41:30,-32.19,-0.12,0.5,-0.5,0,0,0,0,0,0,0,0
2021/10/13,13:41:35,-32.1,-0.12,0.5,-0.5,0,0,0,0,0,0,0,0
2021/10/13,13:41:40,-32.25,-0.12,0.51,-0.5,0,0,0,0,0,0,0,0
2021/10/13,13:41:45,-32.22,-0.12,0.51,-0.51,0,0,0,0,0,0,0,0
2021/10/13,13:41:50,-32.15,-0.11,0.51,-0.5,0,0,0,0,0,0,0,0
2021/10/13,13:41:55,-32.18,-0.1,0.51,-0.5,0,0,0,0,0,0,0,0
2021/10/13,13:42:00,-32.69,-0.1,0.53,-0.48,0,0,0,0,0,0,0,0
2021/10/13,13:42:05,-32.89,-0.1,0.53,-0.5,0,0,0,0,0,0,0,0
2021/10/13,13:42:10,-32.88,-0.1,0.53,-0.48,0,0,0,0,0,0,0,0
2021/10/13,13:42:15,-32.83,-0.08,0.53,-0.48,0,0,0,0,0,0,0,0
2021/10/13,13:42:20,-33.1,-0.07,0.53,-0.48,0,0,0,0,0,0,0,0
2021/10/13,13:42:25,-32.82,-0.06,0.55,-0.47,0,0,0,0,0,0,0,0
2021/10/13,13:42:30,-32.95,-0.07,0.55,-0.47,0,0,0,0,0,0,0,0
2021/10/13,13:42:35,-33.09,-0.06,0.55,-0.47,0,0,0,0,0,0,0,0
2021/10/13,13:42:40,-32.94,-0.06,0.55,-0.46,0,0,0,0,0,0,0,0
2021/10/13,13:42:45,-33.25,-0.06,0.57,-0.46,0,0,0,0,0,0,0,0
2021/10/13,13:42:50,-33.22,-0.06,0.57,-0.44,0,0,0,0,0,0,0,0
2021/10/13,13:42:55,-33.46,-0.04,0.57,-0.46,0,0,0,0,0,0,0,0
2021/10/13,13:43:00,-33.4,-0.04,0.57,-0.44,0,0,0,0,0,0,0,0
2021/10/13,13:43:05,-33.27,-0.04,0.57,-0.44,0,0,0,0,0,0,0,0
2021/10/13,13:43:10,-33.24,-0.04,0.58,-0.44,0,0,0,0,0,0,0,0
2021/10/13,13:43:15,-33.64,-0.03,0.58,-0.44,0,0,0,0,0,0,0,0
2021/10/13,13:43:20,-33.76,-0.03,0.58,-0.44,0,0,0,0,0,0,0,0
2021/10/13,13:43:25,-33.94,-0.01,0.58,-0.44,0,0,0,0,0,0,0,0
2021/10/13,13:43:30,-33.61,-0.01,0.6,-0.44,0,0,0,0,0,0,0,0
2021/10/13,13:43:35,-33.28,0,0.6,-0.44,0,0,0,0,0,0,0,0
2021/10/13,13:43:40,-33.46,-0.03,0.6,-0.44,0,0,0,0,0,0,0,0
2021/10/13,13:43:45,-33.74,-0.11,0.61,-0.44,0,0,0,0,0,0,0,0
2021/10/13,13:43:50,-33.58,-0.07,0.61,-0.44,0,0,0,0,0,0,0,0
2021/10/13,13:43:55,-33.46,-0.07,0.62,-0.43,0,0,0,0,0,0,0,0
2021/10/13,13:44:00,-33.85,-0.14,0.62,-0.43,0,0,0,0,0,0,0,0
2021/10/13,13:44:05,-33.85,-0.25,0.62,-0.44,0,0,0,0,0,0,0,0
2021/10/13,13:44:10,-33.73,-0.43,0.62,-0.44,0,0,0,0,0,0,0,0
2021/10/13,13:44:15,-33.89,-0.64,0.62,-0.44,0,0,0,0,0,0,0,0
2021/10/13,13:44:20,-33.6,-0.86,0.62,-0.44,0,0,0,0,0,0,0,0
2021/10/13,13:44:25,-33.91,-1.11,0.62,-0.44,0,0,0,0,0,0,0,0
2021/10/13,13:44:30,-33.97,-1.37,0.62,-0.44,0,0,0,0,0,0,0,0
2021/10/13,13:44:35,-34.06,-1.65,0.62,-0.44,0,0,0,0,0,0,0,0
2021/10/13,13:44:40,-34.27,-1.93,0.64,-0.46,0,0,0,0,0,0,0,0
2021/10/13,13:44:45,-34.24,-2.22,0.64,-0.5,0,0,0,0,0,0,0,0
2021/10/13,13:44:50,-34.2,-2.51,0.65,-0.54,0,0,0,0,0,0,0,0
2021/10/13,13:44:55,-34.3,-2.79,0.64,-0.6,0,0,0,0,0,0,0,0
2021/10/13,13:45:00,-34.29,-3.08,0.65,-0.64,0,0,0,0,0,0,0,0
2021/10/13,13:45:05,-34.65,-3.39,0.65,-0.69,0,0,0,0,0,0,0,0
2021/10/13,13:45:10,-34.48,-3.68,0.65,-0.79,0,0,0,0,0,0,0,0
2021/10/13,13:45:15,-34.26,-3.96,0.65,-0.9,0,0,0,0,0,0,0,0
2021/10/13,13:45:20,-34.78,-4.27,0.65,-1.05,0,0,0,0,0,0,0,0
2021/10/13,13:45:25,-34.8,-4.53,0.65,-1.22,0,0,0,0,0,0,0,0
2021/10/13,13:45:30,-35.17,-4.81,0.66,-1.4,0,0,0,0,0,0,0,0
2021/10/13,13:45:35,-35.4,-5.09,0.66,-1.58,0,0,0,0,0,0,0,0
2021/10/13,13:45:40,-35.37,-5.38,0.66,-1.79,0,0,0,0,0,0,0,0
2021/10/13,13:45:45,-35.28,-5.65,0.66,-2,0,0,0,0,0,0,0,0
2021/10/13,13:45:50,-35.25,-5.93,0.65,-2.22,0,0,0,0,0,0,0,0
2021/10/13,13:45:55,-35.02,-6.23,0.65,-2.45,0,0,0,0,0,0,0,0
2021/10/13,13:46:00,-35.37,-6.48,0.66,-2.69,0,0,0,0,0,0,0,0
2021/10/13,13:46:05,-35.5,-6.77,0.66,-2.94,0,0,0,0,0,0,0,0
2021/10/13,13:46:10,-35.5,-7.03,0.65,-3.19,0,0,0,0,0,0,0,0
2021/10/13,13:46:15,-35.66,-7.29,0.65,-3.43,0,0,0,0,0,0,0,0
2021/10/13,13:46:20,-36.01,-7.57,0.66,-3.69,0,0,0,0,0,0,0,0
2021/10/13,13:46:25,-35.93,-7.81,0.68,-3.93,0,0,0,0,0,0,0,0
2021/10/13,13:46:30,-36.34,-8.1,0.66,-4.2,0,0,0,0,0,0,0,0
2021/10/13,13:46:35,-36.01,-8.36,0.66,-4.45,0,0,0,0,0,0,0,0
2021/10/13,13:46:40,-36.13,-8.6,0.66,-4.68,0,0,0,0,0,0,0,0
2021/10/13,13:46:45,-36.04,-8.86,0.66,-4.95,0,0,0,0,0,0,0,0
2021/10/13,13:46:50,-36.22,-9.13,0.68,-5.22,0,0,0,0,0,0,0,0
2021/10/13,13:46:55,-36.18,-9.37,0.68,-5.47,0,0,0,0,0,0,0,0
2021/10/13,13:47:00,-36.28,-9.61,0.68,-5.72,0,0,0,0,0,0,0,0
2021/10/13,13:47:05,-36.19,-9.86,0.68,-5.99,0,0,0,0,0,0,0,0
2021/10/13,13:47:10,-36.36,-10.1,0.66,-6.24,0,0,0,0,0,0,0,0
2021/10/13,13:47:15,-36.49,-10.34,0.65,-6.48,0,0,0,0,0,0,0,0
2021/10/13,13:47:20,-36.72,-10.58,0.61,-6.73,0,0,0,0,0,0,0,0
2021/10/13,13:47:25,-36.72,-10.83,0.53,-6.97,0,0,0,0,0,0,0,0
2021/10/13,13:47:30,-37.01,-11.17,0.37,-7.21,0,0,0,0,0,0,0,0
2021/10/13,13:47:35,-36.8,-11.41,0.14,-7.43,0,0,0,0,0,0,0,0
2021/10/13,13:47:40,-36.75,-11.62,-0.15,-7.67,0,0,0,0,0,0,0,0
2021/10/13,13:47:45,-36.8,-11.88,-0.51,-7.9,0,0,0,0,0,0,0,0
2021/10/13,13:47:50,-36.89,-12.11,-0.94,-8.14,0,0,0,0,0,0,0,0
2021/10/13,13:47:55,-36.69,-12.35,-1.4,-8.36,0,0,0,0,0,0,0,0
2021/10/13,13:48:00,-37.04,-12.59,-1.86,-8.59,0,0,0,0,0,0,0,0
2021/10/13,13:48:05,-36.89,-12.81,-2.36,-8.83,0,0,0,0,0,0,0,0
2021/10/13,13:48:10,-36.9,-13.05,-2.87,-9.06,0,0,0,0,0,0,0,0
2021/10/13,13:48:15,-36.96,-13.29,-3.36,-9.3,0,0,0,0,0,0,0,0
2021/10/13,13:48:20,-37.02,-13.53,-3.86,-9.52,0,0,0,0,0,0,0,0
2021/10/13,13:48:25,-37.29,-13.78,-4.32,-9.75,0,0,0,0,0,0,0,0
2021/10/13,13:48:30,-37.41,-14.02,-4.78,-9.99,0,0,0,0,0,0,0,0
2021/10/13,13:48:35,-37.4,-14.26,-5.23,-10.23,0,0,0,0,0,0,0,0
2021/10/13,13:48:40,-37.4,-14.49,-5.65,-10.47,0,0,0,0,0,0,0,0
2021/10/13,13:48:45,-37.64,-14.73,-6.07,-10.7,0,0,0,0,0,0,0,0
2021/10/13,13:48:50,-37.77,-14.99,-6.49,-10.94,0,0,0,0,0,0,0,0
2021/10/13,13:48:55,-37.7,-15.22,-6.9,-11.18,0,0,0,0,0,0,0,0
2021/10/13,13:49:00,-37.62,-15.47,-7.31,-11.42,0,0,0,0,0,0,0,0
2021/10/13,13:49:05,-37.88,-15.72,-7.8,-11.78,0,0,0,0,0,0,0,0
2021/10/13,13:49:10,-38.35,-15.97,-8.19,-12.01,0,0,0,0,0,0,0,0
2021/10/13,13:49:15,-38.24,-16.21,-8.57,-12.25,0,0,0,0,0,0,0,0
2021/10/13,13:49:20,-38.47,-16.47,-8.95,-12.51,0,0,0,0,0,0,0,0
2021/10/13,13:49:25,-38.24,-16.73,-9.31,-12.75,0,0,0,0,0,0,0,0
2021/10/13,13:49:30,-38.26,-16.99,-9.68,-13.01,0,0,0,0,0,0,0,0
2021/10/13,13:49:35,-38.23,-17.26,-10.04,-13.25,0,0,0,0,0,0,0,0
2021/10/13,13:49:40,-38.38,-17.54,-10.4,-13.52,0,0,0,0,0,0,0,0
2021/10/13,13:49:45,-38.47,-17.8,-10.74,-13.78,0,0,0,0,0,0,0,0
2021/10/13,13:49:50,-38.66,-18.08,-11.09,-14.01,0,0,0,0,0,0,0,0
2021/10/13,13:49:55,-39.34,-18.37,-11.44,-14.28,0,0,0,0,0,0,0,0
2021/10/13,13:50:00,-39.46,-18.65,-11.78,-14.55,0,0,0,0,0,0,0,0
2021/10/13,13:50:05,-39.24,-18.96,-12.14,-14.81,0,0,0,0,0,0,0,0
2021/10/13,13:50:10,-39.45,-19.25,-12.48,-15.08,0,0,0,0,0,0,0,0
2021/10/13,13:50:15,-39.04,-19.59,-12.82,-15.37,0,0,0,0,0,0,0,0
2021/10/13,13:50:20,-39.4,-19.92,-13.18,-15.62,0,0,0,0,0,0,0,0
2021/10/13,13:50:25,-39.86,-20.24,-13.52,-15.91,0,0,0,0,0,0,0,0
2021/10/13,13:50:30,-39.55,-20.59,-13.86,-16.18,0,0,0,0,0,0,0,0
2021/10/13,13:50:35,-39.92,-20.91,-14.21,-16.47,0,0,0,0,0,0,0,0
2021/10/13,13:50:40,-39.89,-21.24,-14.56,-16.76,0,0,0,0,0,0,0,0
2021/10/13,13:50:45,-40.01,-21.6,-14.92,-17.05,0,0,0,0,0,0,0,0
2021/10/13,13:50:50,-40.1,-21.97,-15.25,-17.35,0,0,0,0,0,0,0,0
2021/10/13,13:50:55,-40.36,-22.36,-15.61,-17.65,0,0,0,0,0,0,0,0
2021/10/13,13:51:00,-40.66,-22.75,-15.98,-17.97,0,0,0,0,0,0,0,0
2021/10/13,13:51:05,-40.52,-23.16,-16.33,-18.27,0,0,0,0,0,0,0,0
2021/10/13,13:51:10,-40.48,-23.59,-16.69,-18.6,0,0,0,0,0,0,0,0
2021/10/13,13:51:15,-40.55,-23.98,-17.06,-18.94,0,0,0,0,0,0,0,0
2021/10/13,13:51:20,-40.99,-24.39,-17.42,-19.27,0,0,0,0,0,0,0,0
2021/10/13,13:51:25,-41.04,-24.8,-17.8,-19.6,0,0,0,0,0,0,0,0
2021/10/13,13:51:30,-40.9,-25.21,-18.18,-19.96,0,0,0,0,0,0,0,0
2021/10/13,13:51:35,-41.13,-25.62,-18.57,-20.33,0,0,0,0,0,0,0,0
2021/10/13,13:51:40,-41.18,-26.02,-18.96,-20.67,0,0,0,0,0,0,0,0
2021/10/13,13:51:45,-41.19,-26.4,-19.37,-21.05,0,0,0,0,0,0,0,0
2021/10/13,13:51:50,-41.51,-26.8,-19.78,-21.41,0,0,0,0,0,0,0,0
2021/10/13,13:51:55,-41.68,-27.18,-20.2,-21.81,0,0,0,0,0,0,0,0
2021/10/13,13:52:00,-42.21,-27.56,-20.63,-22.2,0,0,0,0,0,0,0,0
2021/10/13,13:52:05,-42.21,-27.93,-21.05,-22.58,0,0,0,0,0,0,0,0
2021/10/13,13:52:10,-42.31,-28.3,-21.49,-22.97,0,0,0,0,0,0,0,0
2021/10/13,13:52:15,-42.6,-28.68,-21.91,-23.35,0,0,0,0,0,0,0,0
2021/10/13,13:52:20,-43.24,-29.04,-22.35,-23.73,0,0,0,0,0,0,0,0
2021/10/13,13:52:25,-43.24,-29.39,-22.77,-24.11,0,0,0,0,0,0,0,0
2021/10/13,13:52:30,-43.27,-29.73,-23.16,-24.48,0,0,0,0,0,0,0,0
2021/10/13,13:52:35,-43.58,-30.09,-23.59,-24.84,0,0,0,0,0,0,0,0
2021/10/13,13:52:40,-43.7,-30.43,-23.98,-25.23,0,0,0,0,0,0,0,0
2021/10/13,13:52:45,-43.43,-30.79,-24.38,-25.59,0,0,0,0,0,0,0,0
2021/10/13,13:52:50,-43.64,-31.14,-24.76,-25.94,0,0,0,0,0,0,0,0
2021/10/13,13:52:55,-44.13,-31.47,-25.14,-26.3,0,0,0,0,0,0,0,0
2021/10/13,13:53:00,-44.3,-31.8,-25.52,-26.66,0,0,0,0,0,0,0,0
2021/10/13,13:53:05,-44.19,-32.14,-25.89,-27.02,0,0,0,0,0,0,0,0
2021/10/13,13:53:10,-44.65,-32.45,-26.27,-27.34,0,0,0,0,0,0,0,0
2021/10/13,13:53:15,-44.71,-32.79,-26.64,-27.7,0,0,0,0,0,0,0,0
2021/10/13,13:53:20,-44.86,-33.09,-26.99,-28.03,0,0,0,0,0,0,0,0
2021/10/13,13:53:25,-44.77,-33.42,-27.36,-28.37,0,0,0,0,0,0,0,0
2021/10/13,13:53:30,-45.24,-33.73,-27.7,-28.71,0,0,0,0,0,0,0,0
2021/10/13,13:53:35,-45.4,-34.05,-28.05,-29.04,0,0,0,0,0,0,0,0
2021/10/13,13:53:40,-45.64,-34.35,-28.39,-29.36,0,0,0,0,0,0,0,0
2021/10/13,13:53:45,-45.82,-34.65,-28.73,-29.7,0,0,0,0,0,0,0,0
2021/10/13,13:53:50,-46.08,-34.93,-29.07,-30.02,0,0,0,0,0,0,0,0
2021/10/13,13:53:55,-45.82,-35.25,-29.41,-30.34,0,0,0,0,0,0,0,0
2021/10/13,13:54:00,-45.92,-35.53,-29.73,-30.65,0,0,0,0,0,0,0,0
2021/10/13,13:54:05,-46.27,-35.82,-30.06,-30.96,0,0,0,0,0,0,0,0
2021/10/13,13:54:10,-46.25,-36.13,-30.37,-31.28,0,0,0,0,0,0,0,0
2021/10/13,13:54:15,-46.47,-36.4,-30.7,-31.59,0,0,0,0,0,0,0,0
2021/10/13,13:54:20,-46.87,-36.69,-31.01,-31.89,0,0,0,0,0,0,0,0
2021/10/13,13:54:25,-47.11,-36.97,-31.32,-32.2,0,0,0,0,0,0,0,0
2021/10/13,13:54:30,-47.17,-37.24,-31.62,-32.48,0,0,0,0,0,0,0,0
2021/10/13,13:54:35,-47.04,-37.53,-31.93,-32.79,0,0,0,0,0,0,0,0
2021/10/13,13:54:40,-47.16,-37.8,-32.23,-33.09,0,0,0,0,0,0,0,0
2021/10/13,13:54:45,-47.33,-38.07,-32.54,-33.39,0,0,0,0,0,0,0,0
2021/10/13,13:54:50,-47.27,-38.33,-32.82,-33.67,0,0,0,0,0,0,0,0
2021/10/13,13:54:55,-47.5,-38.6,-33.12,-33.97,0,0,0,0,0,0,0,0
2021/10/13,13:55:00,-47.6,-38.85,-33.41,-34.27,0,0,0,0,0,0,0,0
2021/10/13,13:55:05,-47.91,-39.11,-33.69,-34.54,0,0,0,0,0,0,0,0
2021/10/13,13:55:10,-48.36,-39.37,-33.97,-34.83,0,0,0,0,0,0,0,0
2021/10/13,13:55:15,-48.59,-39.64,-34.27,-35.1,0,0,0,0,0,0,0,0
2021/10/13,13:55:20,-48.74,-39.88,-34.54,-35.38,0,0,0,0,0,0,0,0
2021/10/13,13:55:25,-48.7,-40.12,-34.83,-35.67,0,0,0,0,0,0,0,0
2021/10/13,13:55:30,-48.84,-40.37,-35.1,-35.94,0,0,0,0,0,0,0,0
2021/10/13,13:55:35,-49.1,-40.62,-35.35,-36.21,0,0,0,0,0,0,0,0
2021/10/13,13:55:40,-49.37,-40.88,-35.62,-36.48,0,0,0,0,0,0,0,0
2021/10/13,13:55:45,-49.13,-41.11,-35.88,-36.75,0,0,0,0,0,0,0,0
2021/10/13,13:55:50,-49.3,-41.37,-36.15,-36.99,0,0,0,0,0,0,0,0
2021/10/13,13:55:55,-49.58,-41.58,-36.4,-37.26,0,0,0,0,0,0,0,0
2021/10/13,13:56:00,-49.74,-41.81,-36.64,-37.51,0,0,0,0,0,0,0,0
2021/10/13,13:56:05,-49.7,-42.05,-36.91,-37.78,0,0,0,0,0,0,0,0
2021/10/13,13:56:10,-50.1,-42.28,-37.17,-38.03,0,0,0,0,0,0,0,0
2021/10/13,13:56:15,-49.88,-42.52,-37.41,-38.28,0,0,0,0,0,0,0,0
2021/10/13,13:56:20,-50.35,-42.75,-37.65,-38.55,0,0,0,0,0,0,0,0
2021/10/13,13:56:25,-50.32,-42.96,-37.89,-38.79,0,0,0,0,0,0,0,0
2021/10/13,13:56:30,-50.47,-43.19,-38.13,-39.05,0,0,0,0,0,0,0,0
2021/10/13,13:56:35,-50.5,-43.42,-38.37,-39.28,0,0,0,0,0,0,0,0
2021/10/13,13:56:40,-50.49,-43.65,-38.63,-39.52,0,0,0,0,0,0,0,0
2021/10/13,13:56:45,-50.87,-43.85,-38.85,-39.76,0,0,0,0,0,0,0,0
2021/10/13,13:56:50,-51.09,-44.06,-39.08,-40,0,0,0,0,0,0,0,0
2021/10/13,13:56:55,-51.04,-44.29,-39.31,-40.25,0,0,0,0,0,0,0,0
2021/10/13,13:57:00,-51.14,-44.5,-39.53,-40.49,0,0,0,0,0,0,0,0
2021/10/13,13:57:05,-51.35,-44.7,-39.76,-40.73,0,0,0,0,0,0,0,0
2021/10/13,13:57:10,-51.69,-44.92,-39.99,-40.96,0,0,0,0,0,0,0,0
2021/10/13,13:57:15,-51.85,-45.13,-40.22,-41.17,0,0,0,0,0,0,0,0
2021/10/13,13:57:20,-51.82,-45.33,-40.44,-41.41,0,0,0,0,0,0,0,0
2021/10/13,13:57:25,-52.02,-45.53,-40.67,-41.64,0,0,0,0,0,0,0,0
2021/10/13,13:57:30,-52.05,-45.73,-40.88,-41.87,0,0,0,0,0,0,0,0
2021/10/13,13:57:35,-52.16,-45.94,-41.09,-42.1,0,0,0,0,0,0,0,0
2021/10/13,13:57:40,-52.45,-46.13,-41.31,-42.31,0,0,0,0,0,0,0,0
2021/10/13,13:57:45,-52.45,-46.32,-41.52,-42.54,0,0,0,0,0,0,0,0
2021/10/13,13:57:50,-52.37,-46.51,-41.73,-42.77,0,0,0,0,0,0,0,0
2021/10/13,13:57:55,-52.68,-46.71,-41.93,-42.98,0,0,0,0,0,0,0,0
2021/10/13,13:58:00,-52.81,-46.89,-42.14,-43.19,0,0,0,0,0,0,0,0
2021/10/13,13:58:05,-52.9,-47.09,-42.34,-43.41,0,0,0,0,0,0,0,0
2021/10/13,13:58:10,-52.84,-47.29,-42.55,-43.62,0,0,0,0,0,0,0,0
2021/10/13,13:58:15,-53.15,-47.48,-42.74,-43.8,0,0,0,0,0,0,0,0
2021/10/13,13:58:20,-53.13,-47.65,-42.93,-44.02,0,0,0,0,0,0,0,0
2021/10/13,13:58:25,-53.09,-47.83,-43.15,-44.23,0,0,0,0,0,0,0,0
2021/10/13,13:58:30,-53.16,-48.03,-43.33,-44.43,0,0,0,0,0,0,0,0
2021/10/13,13:58:35,-53.4,-48.2,-43.53,-44.63,0,0,0,0,0,0,0,0
2021/10/13,13:58:40,-53.44,-48.37,-43.71,-44.82,0,0,0,0,0,0,0,0
2021/10/13,13:58:45,-53.43,-48.57,-43.91,-45.02,0,0,0,0,0,0,0,0
2021/10/13,13:58:50,-53.63,-48.75,-44.11,-45.22,0,0,0,0,0,0,0,0
2021/10/13,13:58:55,-53.91,-48.91,-44.29,-45.42,0,0,0,0,0,0,0,0
2021/10/13,13:59:00,-54.28,-49.08,-44.47,-45.6,0,0,0,0,0,0,0,0
2021/10/13,13:59:05,-54.28,-49.26,-44.66,-45.82,0,0,0,0,0,0,0,0
2021/10/13,13:59:10,-54.31,-49.43,-44.84,-46,0,0,0,0,0,0,0,0
2021/10/13,13:59:15,-54.33,-49.6,-45.01,-46.2,0,0,0,0,0,0,0,0
2021/10/13,13:59:20,-54.33,-49.79,-45.19,-46.39,0,0,0,0,0,0,0,0
2021/10/13,13:59:25,-54.53,-49.83,-45.26,-46.46,0,0,0,0,0,0,0,0
2021/10/13,13:59:30,-54.69,-50,-45.43,-46.64,0,0,0,0,0,0,0,0
2021/10/13,13:59:35,-54.75,-50.17,-45.62,-46.83,0,0,0,0,0,0,0,0
2021/10/13,13:59:40,-54.89,-50.34,-45.78,-47.01,0,0,0,0,0,0,0,0
2021/10/13,13:59:45,-54.97,-50.49,-45.94,-47.19,0,0,0,0,0,0,0,0
2021/10/13,13:59:50,-55.19,-50.65,-46.12,-47.36,0,0,0,0,0,0,0,0
2021/10/13,13:59:55,-55.16,-50.82,-46.29,-47.55,0,0,0,0,0,0,0,0
2021/10/13,14:00:00,-55.25,-50.97,-46.46,-47.73,0,0,0,0,0,0,0,0
2021/10/13,14:00:05,-55.37,-51.13,-46.63,-47.9,0,0,0,0,0,0,0,0
2021/10/13,14:00:10,-55.53,-51.28,-46.78,-48.07,0,0,0,0,0,0,0,0
2021/10/13,14:00:15,-55.81,-51.44,-46.96,-48.26,0,0,0,0,0,0,0,0
2021/10/13,14:00:20,-56,-51.59,-47.12,-48.42,0,0,0,0,0,0,0,0
2021/10/13,14:00:25,-55.87,-51.75,-47.27,-48.59,0,0,0,0,0,0,0,0
2021/10/13,14:00:30,-56.25,-51.9,-47.42,-48.76,0,0,0,0,0,0,0,0
2021/10/13,14:00:35,-56.34,-52.06,-47.59,-48.92,0,0,0,0,0,0,0,0
2021/10/13,14:00:40,-56.52,-52.2,-47.75,-49.1,0,0,0,0,0,0,0,0
2021/10/13,14:00:45,-56.55,-52.33,-47.89,-49.27,0,0,0,0,0,0,0,0
2021/10/13,14:00:50,-56.67,-52.51,-48.04,-49.43,0,0,0,0,0,0,0,0
2021/10/13,14:00:55,-56.86,-52.65,-48.21,-49.6,0,0,0,0,0,0,0,0
2021/10/13,14:01:00,-56.79,-52.78,-48.36,-49.75,0,0,0,0,0,0,0,0
2021/10/13,14:01:05,-56.6,-52.92,-48.5,-49.92,0,0,0,0,0,0,0,0
2021/10/13,14:01:10,-56.81,-53.05,-48.66,-50.07,0,0,0,0,0,0,0,0
2021/10/13,14:01:15,-56.73,-53.2,-48.81,-50.21,0,0,0,0,0,0,0,0
2021/10/13,14:01:20,-56.81,-53.38,-48.95,-50.4,0,0,0,0,0,0,0,0
2021/10/13,14:01:25,-56.78,-53.5,-49.1,-50.54,0,0,0,0,0,0,0,0
2021/10/13,14:01:30,-57,-53.62,-49.24,-50.69,0,0,0,0,0,0,0,0
2021/10/13,14:01:35,-57.18,-53.78,-49.38,-50.85,0,0,0,0,0,0,0,0
2021/10/13,14:01:40,-57.42,-53.9,-49.53,-51,0,0,0,0,0,0,0,0
2021/10/13,14:01:45,-57.56,-54.04,-49.67,-51.16,0,0,0,0,0,0,0,0
2021/10/13,14:01:50,-57.64,-54.18,-49.81,-51.3,0,0,0,0,0,0,0,0
2021/10/13,14:01:55,-57.47,-54.31,-49.97,-51.45,0,0,0,0,0,0,0,0
2021/10/13,14:02:00,-57.7,-54.45,-50.09,-51.61,0,0,0,0,0,0,0,0
2021/10/13,14:02:05,-57.9,-54.57,-50.23,-51.76,0,0,0,0,0,0,0,0
2021/10/13,14:02:10,-58.22,-54.71,-50.38,-51.9,0,0,0,0,0,0,0,0
2021/10/13,14:02:15,-58.39,-54.84,-50.49,-52.04,0,0,0,0,0,0,0,0
2021/10/13,14:02:20,-58.42,-54.96,-50.63,-52.2,0,0,0,0,0,0,0,0
2021/10/13,14:02:25,-58.34,-55.1,-50.77,-52.33,0,0,0,0,0,0,0,0
2021/10/13,14:02:30,-58.39,-55.23,-50.89,-52.47,0,0,0,0,0,0,0,0
2021/10/13,14:02:35,-58.5,-55.35,-51.03,-52.61,0,0,0,0,0,0,0,0
2021/10/13,14:02:40,-58.48,-55.48,-51.16,-52.75,0,0,0,0,0,0,0,0
2021/10/13,14:02:45,-58.37,-55.6,-51.28,-52.89,0,0,0,0,0,0,0,0
2021/10/13,14:02:50,-58.53,-55.73,-51.42,-53.02,0,0,0,0,0,0,0,0
2021/10/13,14:02:55,-58.66,-55.85,-51.54,-53.17,0,0,0,0,0,0,0,0
2021/10/13,14:03:00,-58.96,-55.88,-51.57,-53.2,0,0,0,0,0,0,0,0
2021/10/13,14:03:05,-59,-55.99,-51.68,-53.31,0,0,0,0,0,0,0,0
2021/10/13,14:03:10,-59.14,-56.11,-51.8,-53.46,0,0,0,0,0,0,0,0
2021/10/13,14:03:15,-59.16,-56.24,-51.94,-53.59,0,0,0,0,0,0,0,0
2021/10/13,14:03:20,-59.35,-56.35,-52.07,-53.73,0,0,0,0,0,0,0,0
2021/10/13,14:03:25,-59.52,-56.47,-52.19,-53.87,0,0,0,0,0,0,0,0
2021/10/13,14:03:30,-59.59,-56.58,-52.3,-53.98,0,0,0,0,0,0,0,0
2021/10/13,14:03:35,-59.63,-56.71,-52.42,-54.12,0,0,0,0,0,0,0,0
2021/10/13,14:03:40,-59.77,-56.82,-52.53,-54.26,0,0,0,0,0,0,0,0
2021/10/13,14:03:45,-59.58,-56.94,-52.66,-54.37,0,0,0,0,0,0,0,0
2021/10/13,14:03:50,-59.67,-57.07,-52.76,-54.49,0,0,0,0,0,0,0,0
2021/10/13,14:03:55,-59.56,-57.18,-52.87,-54.6,0,0,0,0,0,0,0,0
2021/10/13,14:04:00,-59.66,-57.29,-53,-54.74,0,0,0,0,0,0,0,0
2021/10/13,14:04:05,-59.58,-57.4,-53.11,-54.87,0,0,0,0,0,0,0,0
2021/10/13,14:04:10,-59.69,-57.52,-53.25,-54.99,0,0,0,0,0,0,0,0
2021/10/13,14:04:15,-59.88,-57.62,-53.34,-55.11,0,0,0,0,0,0,0,0
2021/10/13,14:04:20,-59.91,-57.74,-53.46,-55.24,0,0,0,0,0,0,0,0
2021/10/13,14:04:25,-60,-57.84,-53.57,-55.35,0,0,0,0,0,0,0,0
2021/10/13,14:04:30,-60,-57.95,-53.7,-55.46,0,0,0,0,0,0,0,0
2021/10/13,14:04:35,-60.07,-58.06,-53.79,-55.6,0,0,0,0,0,0,0,0
2021/10/13,14:04:40,-60.27,-58.05,-53.79,-55.59,0,0,0,0,0,0,0,0
2021/10/13,14:04:45,-60.46,-58.16,-53.89,-55.72,0,0,0,0,0,0,0,0
2021/10/13,14:04:50,-60.49,-58.27,-54,-55.83,0,0,0,0,0,0,0,0
2021/10/13,14:04:55,-60.6,-58.38,-54.11,-55.97,0,0,0,0,0,0,0,0
2021/10/13,14:05:00,-60.59,-58.47,-54.22,-56.08,0,0,0,0,0,0,0,0
2021/10/13,14:05:05,-60.55,-58.58,-54.31,-56.19,0,0,0,0,0,0,0,0
2021/10/13,14:05:10,-60.72,-58.68,-54.42,-56.3,0,0,0,0,0,0,0,0
2021/10/13,14:05:15,-60.82,-58.79,-54.52,-56.41,0,0,0,0,0,0,0,0
2021/10/13,14:05:20,-60.87,-58.88,-54.63,-56.52,0,0,0,0,0,0,0,0
2021/10/13,14:05:25,-60.9,-59.01,-54.74,-56.64,0,0,0,0,0,0,0,0
2021/10/13,14:05:30,-61.02,-59.1,-54.84,-56.73,0,0,0,0,0,0,0,0
2021/10/13,14:05:35,-61.12,-59.2,-54.94,-56.84,0,0,0,0,0,0,0,0
2021/10/13,14:05:40,-61.25,-59.31,-55.05,-56.97,0,0,0,0,0,0,0,0
2021/10/13,14:05:45,-61.23,-59.4,-55.14,-57.08,0,0,0,0,0,0,0,0
2021/10/13,14:05:50,-61.4,-59.5,-55.25,-57.19,0,0,0,0,0,0,0,0
2021/10/13,14:05:55,-61.36,-59.59,-55.33,-57.3,0,0,0,0,0,0,0,0
2021/10/13,14:06:00,-61.48,-59.68,-55.44,-57.41,0,0,0,0,0,0,0,0
2021/10/13,14:06:05,-61.58,-59.8,-55.55,-57.5,0,0,0,0,0,0,0,0
2021/10/13,14:06:10,-61.62,-59.89,-55.62,-57.61,0,0,0,0,0,0,0,0
2021/10/13,14:06:15,-61.61,-59.98,-55.73,-57.72,0,0,0,0,0,0,0,0
2021/10/13,14:06:20,-61.78,-60.08,-55.81,-57.82,0,0,0,0,0,0,0,0
2021/10/13,14:06:25,-61.89,-60.16,-55.92,-57.93,0,0,0,0,0,0,0,0
2021/10/13,14:06:30,-61.97,-60.27,-56,-58.03,0,0,0,0,0,0,0,0
2021/10/13,14:06:35,-61.99,-60.35,-56.09,-58.13,0,0,0,0,0,0,0,0
2021/10/13,14:06:40,-62.16,-60.44,-56.19,-58.22,0,0,0,0,0,0,0,0
2021/10/13,14:06:45,-62.21,-60.54,-56.27,-58.33,0,0,0,0,0,0,0,0
2021/10/13,14:06:50,-62.27,-60.63,-56.37,-58.43,0,0,0,0,0,0,0,0
2021/10/13,14:06:55,-62.43,-60.72,-56.45,-58.54,0,0,0,0,0,0,0,0
2021/10/13,14:07:00,-62.4,-60.8,-56.55,-58.63,0,0,0,0,0,0,0,0
2021/10/13,14:07:05,-62.43,-60.9,-56.64,-58.73,0,0,0,0,0,0,0,0
2021/10/13,14:07:10,-62.46,-60.99,-56.72,-58.82,0,0,0,0,0,0,0,0
2021/10/13,14:07:15,-62.49,-61.07,-56.81,-58.91,0,0,0,0,0,0,0,0
2021/10/13,14:07:20,-62.56,-61.17,-56.89,-59.01,0,0,0,0,0,0,0,0
2021/10/13,14:07:25,-62.68,-61.25,-56.97,-59.1,0,0,0,0,0,0,0,0
2021/10/13,14:07:30,-62.67,-61.32,-57.06,-59.2,0,0,0,0,0,0,0,0
2021/10/13,14:07:35,-62.81,-61.42,-57.13,-59.28,0,0,0,0,0,0,0,0
2021/10/13,14:07:40,-62.86,-61.48,-57.22,-59.37,0,0,0,0,0,0,0,0
2021/10/13,14:07:45,-62.83,-61.59,-57.3,-59.46,0,0,0,0,0,0,0,0
2021/10/13,14:07:50,-62.89,-61.54,-57.26,-59.43,0,0,0,0,0,0,0,0
2021/10/13,14:07:55,-63.1,-61.6,-57.34,-59.52,0,0,0,0,0,0,0,0
2021/10/13,14:08:00,-63.1,-61.68,-57.4,-59.6,0,0,0,0,0,0,0,0
2021/10/13,14:08:05,-63.13,-61.76,-57.5,-59.7,0,0,0,0,0,0,0,0
2021/10/13,14:08:10,-63.06,-61.84,-57.57,-59.79,0,0,0,0,0,0,0,0
2021/10/13,14:08:15,-63.1,-61.92,-57.65,-59.85,0,0,0,0,0,0,0,0
2021/10/13,14:08:20,-63.21,-61.98,-57.73,-59.95,0,0,0,0,0,0,0,0
2021/10/13,14:08:25,-63.35,-62.06,-57.81,-60.03,0,0,0,0,0,0,0,0
2021/10/13,14:08:30,-63.38,-62.16,-57.87,-60.12,0,0,0,0,0,0,0,0
2021/10/13,14:08:35,-63.49,-62.2,-57.95,-60.22,0,0,0,0,0,0,0,0
2021/10/13,14:08:40,-63.56,-62.28,-58.03,-60.28,0,0,0,0,0,0,0,0
2021/10/13,14:08:45,-63.73,-62.36,-58.08,-60.36,0,0,0,0,0,0,0,0
2021/10/13,14:08:50,-63.79,-62.43,-58.16,-60.44,0,0,0,0,0,0,0,0
2021/10/13,14:08:55,-63.79,-62.5,-58.23,-60.51,0,0,0,0,0,0,0,0
2021/10/13,14:09:00,-63.9,-62.58,-58.3,-60.59,0,0,0,0,0,0,0,0
2021/10/13,14:09:05,-63.82,-62.63,-58.36,-60.67,0,0,0,0,0,0,0,0
2021/10/13,14:09:10,-63.92,-62.71,-58.44,-60.75,0,0,0,0,0,0,0,0
2021/10/13,14:09:15,-63.86,-62.79,-58.5,-60.85,0,0,0,0,0,0,0,0
2021/10/13,14:09:20,-64,-62.85,-58.56,-60.91,0,0,0,0,0,0,0,0
2021/10/13,14:09:25,-64.08,-62.92,-58.64,-60.97,0,0,0,0,0,0,0,0
2021/10/13,14:09:30,-64.03,-62.98,-58.69,-61.05,0,0,0,0,0,0,0,0
2021/10/13,14:09:35,-64.19,-63.06,-58.77,-61.13,0,0,0,0,0,0,0,0
2021/10/13,14:09:40,-64.29,-63.12,-58.85,-61.21,0,0,0,0,0,0,0,0
2021/10/13,14:09:45,-64.35,-63.19,-58.91,-61.3,0,0,0,0,0,0,0,0
2021/10/13,14:09:50,-64.29,-63.25,-58.97,-61.35,0,0,0,0,0,0,0,0
2021/10/13,14:09:55,-64.32,-63.31,-59.03,-61.43,0,0,0,0,0,0,0,0
2021/10/13,14:10:00,-64.46,-63.36,-59.1,-61.49,0,0,0,0,0,0,0,0
2021/10/13,14:10:05,-64.52,-63.44,-59.14,-61.57,0,0,0,0,0,0,0,0
2021/10/13,14:10:10,-64.6,-63.5,-59.22,-61.65,0,0,0,0,0,0,0,0
2021/10/13,14:10:15,-64.62,-63.57,-59.29,-61.73,0,0,0,0,0,0,0,0
2021/10/13,14:10:20,-64.63,-63.63,-59.35,-61.78,0,0,0,0,0,0,0,0
2021/10/13,14:10:25,-64.76,-63.71,-59.41,-61.86,0,0,0,0,0,0,0,0
2021/10/13,14:10:30,-64.73,-63.76,-59.48,-61.94,0,0,0,0,0,0,0,0
2021/10/13,14:10:35,-64.76,-63.84,-59.55,-62,0,0,0,0,0,0,0,0
2021/10/13,14:10:40,-64.81,-63.88,-59.59,-62.06,0,0,0,0,0,0,0,0
2021/10/13,14:10:45,-64.83,-63.95,-59.66,-62.14,0,0,0,0,0,0,0,0
2021/10/13,14:10:50,-64.89,-63.99,-59.73,-62.2,0,0,0,0,0,0,0,0
2021/10/13,14:10:55,-64.92,-64.07,-59.79,-62.27,0,0,0,0,0,0,0,0
2021/10/13,14:11:00,-64.95,-64.12,-59.84,-62.35,0,0,0,0,0,0,0,0
2021/10/13,14:11:05,-64.97,-64.17,-59.9,-62.41,0,0,0,0,0,0,0,0
2021/10/13,14:11:10,-65.02,-64.23,-59.95,-62.46,0,0,0,0,0,0,0,0
2021/10/13,14:11:15,-65.05,-64.3,-60.01,-62.54,0,0,0,0,0,0,0,0
2021/10/13,14:11:20,-65.14,-64.38,-60.07,-62.62,0,0,0,0,0,0,0,0
2021/10/13,14:11:25,-65.24,-64.41,-60.14,-62.66,0,0,0,0,0,0,0,0
2021/10/13,14:11:30,-65.25,-64.47,-60.2,-62.73,0,0,0,0,0,0,0,0
2021/10/13,14:11:35,-65.33,-64.55,-60.23,-62.81,0,0,0,0,0,0,0,0
2021/10/13,14:11:40,-65.41,-64.61,-60.29,-62.85,0,0,0,0,0,0,0,0
2021/10/13,14:11:45,-65.41,-64.65,-60.36,-62.93,0,0,0,0,0,0,0,0
2021/10/13,14:11:50,-65.51,-64.71,-60.42,-63,0,0,0,0,0,0,0,0
2021/10/13,14:11:55,-65.49,-64.77,-60.47,-63.07,0,0,0,0,0,0,0,0
2021/10/13,14:12:00,-65.6,-64.84,-60.51,-63.11,0,0,0,0,0,0,0,0
2021/10/13,14:12:05,-65.6,-64.88,-60.58,-63.19,0,0,0,0,0,0,0,0
2021/10/13,14:12:10,-65.68,-64.95,-60.64,-63.25,0,0,0,0,0,0,0,0
2021/10/13,14:12:15,-65.68,-64.99,-60.69,-63.3,0,0,0,0,0,0,0,0
2021/10/13,14:12:20,-65.7,-65.04,-60.74,-63.36,0,0,0,0,0,0,0,0
2021/10/13,14:12:25,-65.72,-65.11,-60.8,-63.44,0,0,0,0,0,0,0,0
2021/10/13,14:12:30,-65.8,-65.17,-60.86,-63.5,0,0,0,0,0,0,0,0
2021/10/13,14:12:35,-65.83,-65.22,-60.91,-63.55,0,0,0,0,0,0,0,0
2021/10/13,14:12:40,-65.91,-65.27,-60.96,-63.61,0,0,0,0,0,0,0,0
2021/10/13,14:12:45,-65.91,-65.31,-61,-63.68,0,0,0,0,0,0,0,0
2021/10/13,14:12:50,-65.95,-65.38,-61.07,-63.72,0,0,0,0,0,0,0,0
2021/10/13,14:12:55,-65.99,-65.44,-61.11,-63.8,0,0,0,0,0,0,0,0
2021/10/13,14:13:00,-66.03,-65.49,-61.16,-63.85,0,0,0,0,0,0,0,0
2021/10/13,14:13:05,-66.05,-65.54,-61.22,-63.91,0,0,0,0,0,0,0,0
2021/10/13,14:13:10,-66.11,-65.6,-61.27,-63.96,0,0,0,0,0,0,0,0
2021/10/13,14:13:15,-66.13,-65.65,-61.32,-64.03,0,0,0,0,0,0,0,0
2021/10/13,14:13:20,-66.18,-65.71,-61.37,-64.09,0,0,0,0,0,0,0,0
2021/10/13,14:13:25,-66.26,-65.74,-61.43,-64.15,0,0,0,0,0,0,0,0
2021/10/13,14:13:30,-66.32,-65.81,-61.48,-64.2,0,0,0,0,0,0,0,0
2021/10/13,14:13:35,-66.32,-65.85,-61.54,-64.26,0,0,0,0,0,0,0,0
2021/10/13,14:13:40,-66.37,-65.92,-61.57,-64.33,0,0,0,0,0,0,0,0
2021/10/13,14:13:45,-66.4,-65.97,-61.64,-64.39,0,0,0,0,0,0,0,0
2021/10/13,14:13:50,-66.4,-66.01,-61.68,-64.44,0,0,0,0,0,0,0,0
2021/10/13,14:13:55,-66.43,-66.08,-61.75,-64.49,0,0,0,0,0,0,0,0
2021/10/13,14:14:00,-66.51,-66.12,-61.78,-64.55,0,0,0,0,0,0,0,0
2021/10/13,14:14:05,-66.59,-66.16,-61.82,-64.61,0,0,0,0,0,0,0,0
2021/10/13,14:14:10,-66.64,-66.22,-61.89,-64.66,0,0,0,0,0,0,0,0
2021/10/13,14:14:15,-66.69,-66.27,-61.94,-64.71,0,0,0,0,0,0,0,0
2021/10/13,14:14:20,-66.72,-66.33,-61.97,-64.77,0,0,0,0,0,0,0,0
2021/10/13,14:14:25,-66.82,-66.38,-62.01,-64.82,0,0,0,0,0,0,0,0
2021/10/13,14:14:30,-66.96,-66.54,-62.08,-64.87,0,0,0,0,0,0,0,0
2021/10/13,14:14:35,-66.96,-66.59,-62.13,-64.92,0,0,0,0,0,0,0,0
2021/10/13,14:14:40,-67,-66.64,-62.17,-64.98,0,0,0,0,0,0,0,0
2021/10/13,14:14:45,-66.98,-66.69,-62.2,-65.04,0,0,0,0,0,0,0,0
2021/10/13,14:14:50,-67.11,-66.74,-62.25,-65.07,0,0,0,0,0,0,0,0
2021/10/13,14:14:55,-67.17,-66.78,-62.3,-65.14,0,0,0,0,0,0,0,0
2021/10/13,14:15:00,-67.25,-66.85,-62.35,-65.2,0,0,0,0,0,0,0,0
2021/10/13,14:15:05,-67.3,-66.88,-62.39,-65.25,0,0,0,0,0,0,0,0
2021/10/13,14:15:10,-67.27,-66.93,-62.43,-65.3,0,0,0,0,0,0,0,0
2021/10/13,14:15:15,-67.28,-66.98,-62.47,-65.34,0,0,0,0,0,0,0,0
2021/10/13,14:15:20,-67.33,-67.02,-62.54,-65.41,0,0,0,0,0,0,0,0
2021/10/13,14:15:25,-67.4,-67.07,-62.58,-65.44,0,0,0,0,0,0,0,0
2021/10/13,14:15:30,-67.4,-67.12,-62.62,-65.49,0,0,0,0,0,0,0,0
2021/10/13,14:15:35,-67.41,-67.15,-62.65,-65.54,0,0,0,0,0,0,0,0
2021/10/13,14:15:40,-67.51,-67.2,-62.69,-65.58,0,0,0,0,0,0,0,0
2021/10/13,14:15:45,-67.54,-67.25,-62.74,-65.63,0,0,0,0,0,0,0,0
2021/10/13,14:15:50,-67.56,-67.29,-62.79,-65.69,0,0,0,0,0,0,0,0
2021/10/13,14:15:55,-67.54,-67.34,-62.84,-65.73,0,0,0,0,0,0,0,0
2021/10/13,14:16:00,-67.52,-67.37,-62.87,-65.79,0,0,0,0,0,0,0,0
2021/10/13,14:16:05,-67.64,-67.42,-62.9,-65.84,0,0,0,0,0,0,0,0
2021/10/13,14:16:10,-67.72,-67.49,-62.96,-65.89,0,0,0,0,0,0,0,0
2021/10/13,14:16:15,-67.75,-67.53,-63,-65.93,0,0,0,0,0,0,0,0
2021/10/13,14:16:20,-67.78,-67.58,-63.04,-65.98,0,0,0,0,0,0,0,0
2021/10/13,14:16:25,-67.83,-67.61,-63.07,-66.03,0,0,0,0,0,0,0,0
,,,,,,,,,,,,,
マーカリスト,,,,,,,,,,,,,
日付,時刻,マーカテキスト,,,,,,,,,,,
